,price,mileage,transmission,model,year,fuelType,tax,mpg,engineSize,cluster
0,12942,30768,1,2,2015,1,200,41.5,2.0,2
1,11499,24845,1,2,2016,0,20,70.6,2.0,2
2,5356,69078,1,1,2013,0,0,85.6,1.6,3
3,11899,17445,1,2,2017,1,145,60.1,1.0,0
4,17999,2594,0,2,2019,0,145,67.3,1.5,0
5,17999,1480,0,2,2019,0,145,64.2,2.0,0
6,8899,7802,0,2,2015,1,160,44.8,1.6,0
7,5379,71963,1,2,2012,1,145,47.9,1.6,3
8,7626,22501,1,1,2015,0,0,78.5,1.5,0
9,8483,48739,1,2,2014,1,20,60.1,1.0,2
10,18699,3588,0,2,2019,1,145,39.2,1.5,0
11,18599,3720,0,2,2019,0,145,64.2,2.0,0
12,16999,4714,1,2,2019,0,145,57.7,1.5,0
13,6733,74133,1,1,2015,1,0,65.7,1.0,1
14,12599,22111,1,2,2017,1,145,50.4,1.5,0
15,14999,32990,1,2,2016,0,20,67.3,2.0,2
16,13999,8666,1,2,2018,1,145,57.7,1.0,0
17,9999,7805,1,1,2017,1,145,64.2,1.1,0
18,8350,18403,0,2,2015,1,160,44.8,1.6,0
19,16999,9577,1,2,2018,0,145,74.3,1.5,0
20,17699,1821,0,2,2019,0,145,74.3,1.5,0
21,9899,22385,1,1,2017,1,145,65.7,1.0,0
22,7490,43325,1,2,2012,1,145,47.9,1.6,2
23,3990,53583,1,1,2009,0,20,67.3,1.4,3
24,7676,22358,1,1,2014,0,0,76.4,1.5,0
25,12500,8220,1,2,2017,0,0,74.3,1.5,0
26,7960,17164,1,1,2015,1,0,65.7,1.0,0
27,6490,28000,1,1,2012,1,125,48.7,1.4,2
28,5450,63000,1,2,2011,0,20,67.3,1.6,3
29,8999,16213,0,1,2016,1,0,57.7,1.0,0
30,4940,39932,1,1,2013,1,30,54.3,1.2,2
31,6870,67901,1,1,2016,1,125,54.3,1.2,3
32,9640,28088,1,1,2015,1,145,47.9,1.6,2
33,8940,48687,1,2,2016,0,0,74.3,1.5,2
34,7996,44000,1,2,2015,1,20,60.1,1.0,2
35,9699,23183,1,2,2017,1,145,60.1,1.0,0
36,12495,20693,0,2,2017,1,145,46.3,1.5,0
37,11999,5612,1,1,2018,1,145,65.7,1.0,0
38,9999,9813,1,1,2018,1,145,64.2,1.1,0
39,7000,43016,1,2,2014,0,20,67.3,1.6,2
40,7989,75929,1,1,2016,0,0,78.5,1.5,1
41,5949,52135,1,1,2013,0,0,85.6,1.6,3
42,6940,75386,1,1,2016,0,0,78.5,1.5,1
43,9999,13614,1,1,2018,1,145,64.2,1.1,0
44,9299,2398,1,1,2018,1,145,64.2,1.1,0
45,15999,16582,1,2,2018,1,145,41.5,2.0,0
46,8499,31530,1,0,2016,1,125,53.3,1.0,2
47,10999,15555,1,2,2017,1,145,58.9,1.0,0
48,10999,10374,1,2,2018,1,145,61.4,1.0,0
49,8940,29192,0,2,2014,1,160,44.8,1.6,2
50,6840,69000,1,2,2014,0,20,67.3,1.6,3
51,5750,78000,1,2,2015,0,20,67.3,1.6,1
52,8845,29194,1,1,2015,1,0,65.7,1.0,2
53,6995,51438,1,1,2014,1,0,65.7,1.0,3
54,8497,52821,1,2,2016,0,0,74.3,1.5,3
55,8470,89827,1,2,2016,0,0,74.3,1.5,1
56,9640,16697,1,1,2017,0,0,78.5,1.5,0
57,7340,30000,1,1,2014,1,0,65.7,1.0,2
58,6940,32000,1,1,2014,1,0,65.7,1.0,2
59,5749,69000,1,2,2013,1,30,56.5,1.0,3
60,11333,30452,0,2,2017,1,125,51.4,1.0,2
61,8795,27705,1,1,2016,1,0,65.7,1.0,2
62,3995,76517,1,1,2008,0,150,47.9,1.6,1
63,8288,14653,1,1,2015,1,0,65.7,1.0,0
64,11997,10230,1,1,2018,1,145,58.9,1.0,0
65,8697,33866,1,0,2017,1,125,52.3,1.0,2
66,10497,28247,1,1,2018,1,145,62.8,1.0,2
67,9797,25286,1,2,2016,0,0,74.3,1.5,2
68,6988,53987,1,1,2014,1,0,65.7,1.0,3
69,8688,17543,1,0,2016,1,160,44.8,1.5,0
70,10990,37287,1,2,2017,0,150,74.3,1.5,2
71,11970,37349,1,2,2018,0,150,74.3,1.5,2
72,15970,404,0,2,2019,1,145,47.9,1.5,0
73,9797,24138,1,1,2017,1,145,62.8,1.0,0
74,11797,12255,1,2,2017,1,20,60.1,1.0,0
75,7793,100000,1,2,2016,0,20,70.6,2.0,1
76,9495,50460,1,1,2015,1,150,47.9,1.6,2
77,18490,19398,0,2,2018,0,150,61.4,2.0,0
78,10899,55865,1,2,2013,1,235,39.2,2.0,3
79,3249,92737,1,1,2011,0,20,68.9,1.4,1
80,6949,41076,1,1,2014,1,0,65.7,1.0,2
81,7393,102000,1,1,2017,1,150,65.7,1.0,1
82,7793,106000,1,2,2016,0,20,70.6,2.0,1
83,1295,108475,1,1,2007,1,160,45.6,1.4,1
84,1495,118000,1,1,2008,0,30,62.8,1.4,1
85,15900,5603,0,0,2018,1,145,48.7,1.0,0
86,6450,54486,1,1,2014,1,0,65.7,1.0,3
87,15500,3914,1,2,2019,1,145,60.1,1.0,0
88,4899,77543,1,2,2011,0,20,67.3,1.6,1
89,11990,12950,1,1,2019,0,150,58.9,1.5,0
90,12539,14952,0,2,2018,1,145,51.4,1.0,0
91,10069,17613,1,1,2017,1,145,62.8,1.0,0
92,9739,23500,1,1,2017,1,20,62.8,1.0,0
93,12089,28568,1,2,2018,0,145,74.3,1.5,2
94,10399,13475,1,1,2016,0,0,78.5,1.5,0
95,8240,25388,1,1,2016,0,0,78.5,1.5,2
96,10795,16300,1,2,2016,1,20,60.1,1.0,0
97,5492,114000,1,2,2015,0,0,74.3,1.5,1
98,7548,17079,1,1,2016,1,125,54.3,1.2,0
99,7299,31876,1,1,2014,1,0,65.7,1.0,2
100,7499,58592,1,1,2015,0,0,78.5,1.5,3
101,11799,26570,1,1,2017,1,145,47.9,1.6,2
102,15999,7873,1,2,2018,0,145,80.7,1.5,0
103,8999,65920,1,2,2016,0,0,74.3,1.5,3
104,8649,45379,1,1,2014,1,145,47.9,1.6,2
105,11599,22436,0,2,2017,1,145,51.4,1.0,0
106,18999,4146,0,2,2019,1,145,47.9,1.5,0
107,9499,62664,1,2,2016,0,0,74.3,1.5,3
108,9999,29469,1,1,2015,1,145,47.9,1.6,2
109,13084,40807,1,2,2015,1,200,41.5,2.0,2
110,4852,61350,1,1,2012,0,0,68.9,1.6,3
111,9907,19519,1,1,2016,1,0,65.7,1.0,0
112,7935,45018,1,1,2016,1,0,65.7,1.0,2
113,11913,18639,1,1,2018,1,145,62.8,1.0,0
114,6913,41148,1,1,2013,1,0,65.7,1.0,2
115,13815,48628,1,2,2016,0,20,67.3,2.0,2
116,10999,16613,1,1,2017,1,145,62.8,1.0,0
117,12787,39772,1,2,2015,0,20,67.3,2.0,2
118,8699,7973,1,1,2016,1,0,65.7,1.0,0
119,7147,32780,1,1,2016,1,0,65.7,1.0,2
120,6934,42020,1,1,2014,1,0,65.7,1.0,2
121,9999,14063,1,1,2016,1,0,65.7,1.0,0
122,6540,27550,1,1,2013,1,30,54.3,1.2,2
123,8244,19453,1,1,2016,0,0,78.5,1.5,0
124,9545,33190,0,2,2016,0,20,67.3,1.5,2
125,22499,21000,1,2,2016,1,235,36.7,2.3,0
126,17098,22431,1,2,2017,0,145,67.3,2.0,0
127,9491,30380,1,2,2016,0,0,74.3,1.5,2
128,8199,33196,1,0,2016,1,160,44.8,1.5,2
129,5899,46314,1,1,2014,1,30,54.3,1.2,2
130,7132,29639,1,1,2014,1,30,54.3,1.2,2
131,10449,17468,1,1,2017,0,0,78.5,1.5,0
132,12499,52492,1,2,2017,1,145,50.4,1.5,2
133,9299,18328,1,1,2016,0,0,88.3,1.5,0
134,8105,32268,1,1,2016,1,0,65.7,1.0,2
135,7763,29435,1,1,2017,1,145,54.3,1.2,2
136,11318,40402,1,2,2014,1,235,39.2,2.0,2
137,6790,60918,1,1,2014,1,0,65.7,1.0,3
138,19000,5310,0,2,2019,1,145,46.3,1.5,0
139,9995,22607,1,1,2016,1,0,65.7,1.0,0
140,9293,33872,1,1,2014,1,150,47.9,1.6,2
141,4431,41485,1,1,2012,0,0,76.4,1.6,2
142,10999,31620,1,1,2018,0,145,58.9,1.5,2
143,13449,15250,1,2,2018,1,145,57.7,1.0,0
144,18199,13000,1,2,2017,1,145,41.5,2.0,0
145,11999,26973,1,2,2017,1,145,57.7,1.0,2
146,18700,3095,0,2,2019,0,145,64.2,2.0,0
147,7825,22502,1,1,2016,1,0,65.7,1.0,0
148,15510,1786,1,2,2019,1,145,58.9,1.0,0
149,12012,20621,1,2,2017,1,145,57.7,1.0,0
150,9893,39888,1,0,2017,1,125,52.3,1.0,2
151,14652,20059,1,1,2019,1,145,40.3,1.5,0
152,7511,46243,1,1,2015,0,0,78.5,1.5,2
153,17999,3521,0,2,2019,0,145,64.2,2.0,0
154,7891,15543,1,1,2016,1,125,54.3,1.2,0
155,8344,19648,1,1,2016,1,0,65.7,1.0,0
156,9610,50332,1,2,2015,1,125,51.4,1.5,2
157,7731,26822,1,1,2014,1,0,65.7,1.0,2
158,10295,23742,1,2,2015,0,0,74.3,1.5,0
159,10999,30295,1,1,2018,1,145,65.7,1.0,2
160,12295,23016,1,2,2017,1,145,51.4,1.5,0
161,10999,13671,1,2,2017,1,145,60.1,1.0,0
162,12120,16853,1,2,2017,1,145,57.7,1.0,0
163,12499,17330,1,2,2018,0,145,74.3,1.5,0
164,7899,60482,1,2,2015,0,0,74.3,1.5,3
165,11999,20310,1,2,2017,0,145,74.3,1.5,0
166,15749,19664,1,2,2016,1,200,41.5,2.0,0
167,17699,3252,0,2,2019,0,145,64.2,2.0,0
168,16399,6937,1,1,2019,1,145,40.3,1.5,0
169,9360,25438,1,1,2017,1,0,65.7,1.0,2
170,11500,2481,1,2,2017,1,145,60.1,1.0,0
171,12204,22688,1,2,2018,1,145,57.7,1.0,0
172,11389,36608,1,2,2017,0,145,74.3,1.5,2
173,9499,31309,1,2,2016,1,20,60.1,1.0,2
174,19500,1520,0,2,2019,0,145,64.2,2.0,0
175,9995,34040,1,2,2017,0,0,74.3,1.5,2
176,5448,66471,1,1,2013,1,30,54.3,1.2,3
177,9499,17378,1,1,2017,1,145,65.7,1.0,0
178,8299,60002,1,1,2014,1,145,47.9,1.6,3
179,8899,49470,1,2,2016,0,0,74.3,1.5,2
180,11127,22292,1,1,2016,1,145,47.9,1.6,0
181,13799,14082,1,2,2018,1,145,57.7,1.0,0
182,10185,53717,0,2,2016,0,30,64.2,2.0,3
183,16051,11035,1,2,2017,1,145,41.5,2.0,0
184,10210,21018,1,2,2016,0,0,74.3,1.5,0
185,5299,69000,1,2,2012,1,145,47.9,1.6,3
186,5499,59000,1,2,2012,1,145,47.9,1.6,3
187,3899,126000,1,2,2012,0,125,56.5,2.0,1
188,7699,34263,1,1,2015,0,0,88.3,1.5,2
189,11128,25595,1,1,2017,1,145,47.9,1.6,2
190,10799,30555,1,1,2018,0,145,58.9,1.5,2
191,8825,21297,1,1,2016,1,20,62.8,1.0,0
192,7175,40003,1,1,2016,1,20,62.8,1.0,2
193,6800,22421,1,1,2016,0,0,78.5,1.5,0
194,18498,5532,1,2,2019,1,145,48.7,1.0,0
195,6499,71500,1,2,2015,1,20,61.4,1.0,3
196,17999,95,0,2,2019,1,145,48.7,1.0,0
197,13999,16908,1,0,2018,1,150,54.3,1.0,0
198,10499,25000,1,1,2017,1,150,65.7,1.0,2
199,15999,15000,1,2,2019,1,145,60.1,1.0,0
200,16799,4660,1,2,2019,1,145,60.1,1.0,0
201,6999,34772,1,1,2015,1,125,54.3,1.2,2
202,10999,8146,1,1,2017,1,145,65.7,1.0,0
203,15999,8340,1,2,2019,1,145,60.1,1.0,0
204,14999,6177,1,2,2019,1,145,58.9,1.0,0
205,16998,4152,1,2,2019,1,145,60.1,1.0,0
206,14499,10050,1,2,2019,1,145,60.1,1.0,0
207,14998,10464,1,2,2019,1,145,58.9,1.0,0
208,11999,20007,0,1,2017,1,0,57.7,1.0,0
209,28998,2985,1,2,2020,1,145,34.5,2.3,0
210,9999,18916,1,1,2017,1,145,65.7,1.0,0
211,10499,31803,1,1,2017,1,145,65.7,1.0,2
212,7999,30900,1,1,2016,1,0,65.7,1.0,2
213,13399,9829,1,1,2019,0,150,58.9,1.5,0
214,9699,17330,1,1,2016,1,0,65.7,1.0,0
215,17499,5700,0,2,2019,0,145,50.4,1.5,0
216,18200,804,1,2,2019,1,145,48.7,1.0,0
217,10414,23998,1,1,2016,1,20,62.8,1.0,0
218,12999,17303,0,2,2017,1,125,51.4,1.0,0
219,18681,17515,1,2,2018,1,145,41.5,2.0,0
220,13249,8727,0,2,2017,1,125,51.4,1.0,0
221,12999,15608,1,0,2018,1,150,54.3,1.0,0
222,8999,29127,1,1,2017,1,150,65.7,1.0,2
223,9999,12000,1,1,2018,1,150,64.2,1.1,0
224,6999,62000,0,1,2013,1,0,57.7,1.0,3
225,5999,61686,1,1,2014,1,0,65.7,1.0,3
226,8499,12412,1,1,2017,1,145,65.7,1.0,0
227,9999,13759,1,0,2017,1,145,52.3,1.0,0
228,10999,34844,1,1,2017,1,145,47.9,1.6,2
229,9933,16186,0,2,2015,1,165,44.8,1.6,0
230,3999,127544,1,2,2011,1,150,47.9,1.6,1
231,8444,42787,1,1,2017,1,150,65.7,1.0,2
232,11211,22766,1,2,2017,1,20,60.1,1.0,0
233,10483,25000,1,2,2017,0,150,74.3,1.5,2
234,10999,45709,0,2,2017,1,150,46.3,1.5,2
235,17999,12014,1,2,2019,1,150,60.1,1.0,0
236,5999,18233,1,1,2011,1,200,42.8,1.2,0
237,7999,28907,1,1,2017,1,125,54.3,1.2,2
238,13583,21718,1,2,2015,0,20,67.3,2.0,0
239,11499,21023,1,2,2018,1,145,60.1,1.0,0
240,15999,999,0,0,2019,1,145,45.6,1.0,0
241,4699,39620,1,1,2012,1,125,50.4,1.2,2
242,16999,10678,1,0,2019,1,150,52.3,1.0,0
243,14299,2698,1,1,2019,1,150,58.9,1.0,0
244,16499,3205,0,0,2019,1,145,45.6,1.0,0
245,9299,20966,0,1,2015,1,0,57.7,1.0,0
246,17499,15,1,0,2020,1,150,53.3,1.0,0
247,14299,4216,1,1,2019,1,150,58.9,1.0,0
248,14499,9033,1,1,2019,1,150,55.4,1.0,0
249,20499,3572,1,2,2019,0,145,70.6,2.0,0
250,5299,78767,1,2,2014,1,150,47.9,1.6,1
251,9499,30825,1,2,2017,1,150,61.4,1.0,2
252,16498,5826,1,2,2019,1,145,60.1,1.0,0
253,17499,8140,1,2,2019,1,150,60.1,1.0,0
254,10999,42632,1,2,2017,0,150,74.3,1.5,2
255,7999,51976,1,2,2016,1,20,61.4,1.0,3
256,15999,8706,1,2,2019,0,150,80.7,1.5,0
257,3699,60466,1,2,2010,0,160,51.4,2.0,3
258,7599,31141,1,0,2015,1,125,52.3,1.0,2
259,6395,89770,1,2,2015,0,20,67.3,1.6,1
260,9495,29000,1,0,2017,0,150,44.8,1.5,2
261,11299,23624,1,2,2017,0,0,74.3,1.5,0
262,14999,9772,1,1,2019,1,145,58.9,1.0,0
263,10499,26759,0,0,2016,1,160,44.8,1.5,2
264,14499,9023,1,1,2019,1,145,60.1,1.0,0
265,11999,26898,1,2,2018,1,145,57.7,1.0,2
266,9999,17453,1,0,2017,1,125,53.3,1.0,0
267,8999,33460,1,2,2017,1,20,60.1,1.0,2
268,9999,19249,0,1,2017,1,145,47.9,1.6,0
269,15499,3765,1,1,2019,1,145,55.4,1.0,0
270,14299,9804,1,1,2018,1,145,65.7,1.0,0
271,9299,16218,1,1,2016,0,0,88.3,1.5,0
272,14499,4266,1,1,2019,1,145,58.9,1.0,0
273,10499,13625,1,1,2017,1,0,65.7,1.0,0
274,4699,67226,1,2,2012,1,30,56.5,1.0,3
275,15124,17354,1,2,2019,0,145,74.3,1.5,0
276,12495,18894,1,1,2018,1,145,62.8,1.0,0
277,8995,13759,1,1,2017,1,145,54.3,1.2,0
278,23999,5834,1,2,2019,0,145,50.4,2.0,0
279,10999,11264,1,1,2016,1,20,62.8,1.0,0
280,17998,10222,1,2,2019,0,145,74.3,1.5,0
281,18699,4267,0,2,2019,1,145,51.4,1.0,0
282,16499,4340,0,0,2019,1,145,45.6,1.0,0
283,14999,13994,1,0,2019,1,145,53.3,1.0,0
284,10299,8161,1,1,2015,1,0,65.7,1.0,0
285,6500,43181,1,1,2013,1,0,65.7,1.0,2
286,8500,37695,1,2,2016,0,0,74.3,1.5,2
287,5799,45787,1,1,2013,1,30,54.3,1.2,2
288,8299,45500,1,1,2015,0,0,78.5,1.5,2
289,10000,19498,1,2,2015,0,0,74.3,1.5,0
290,8000,63958,1,1,2014,1,145,47.9,1.6,3
291,6495,41896,1,1,2015,1,125,54.3,1.2,2
292,7995,26220,0,1,2015,1,0,57.7,1.0,2
293,8211,46282,1,2,2017,1,20,61.4,1.0,2
294,8999,9467,1,1,2015,1,0,65.7,1.0,0
295,10587,50526,1,2,2017,0,0,74.3,1.5,2
296,5999,42012,1,1,2014,1,0,65.7,1.0,2
297,4499,72279,1,2,2012,1,145,47.9,1.6,3
298,14598,10555,1,1,2019,1,145,55.4,1.0,0
299,15999,8910,0,1,2019,1,145,48.7,1.0,0
300,13499,30555,1,2,2015,0,20,67.3,2.0,2
301,8399,65929,1,1,2014,1,145,47.9,1.6,3
302,8749,56109,1,1,2015,1,145,47.9,1.6,3
303,14199,13883,1,2,2018,1,145,58.9,1.0,0
304,6561,39381,1,1,2014,1,0,65.7,1.0,2
305,9078,16813,0,1,2017,1,0,57.7,1.0,0
306,4490,52762,1,1,2012,1,150,48.7,1.4,3
307,6490,64384,1,1,2016,0,0,78.5,1.5,3
308,12495,8629,0,1,2017,1,145,54.3,1.0,0
309,10600,29358,1,1,2017,1,0,65.7,1.0,2
310,15699,9004,1,2,2019,1,145,60.1,1.0,0
311,15999,4857,1,2,2019,1,145,60.1,1.0,0
312,17999,2000,1,0,2019,1,145,51.4,1.0,0
313,9599,23319,1,0,2017,0,30,64.2,1.5,0
314,8000,66210,1,1,2017,0,145,88.3,1.5,3
315,6000,49450,1,1,2015,0,0,76.4,1.5,2
316,7000,76890,1,2,2015,0,0,74.3,1.5,1
317,4500,97930,1,2,2013,1,145,47.9,1.6,1
318,9600,16505,1,0,2016,1,125,53.3,1.0,0
319,14800,35712,1,2,2014,1,235,39.2,2.0,2
320,10999,13660,0,1,2017,1,145,47.9,1.6,0
321,8999,18086,1,2,2016,1,20,60.1,1.0,0
322,16300,15825,1,2,2019,1,150,60.1,1.0,0
323,7695,32290,1,1,2016,1,0,65.7,1.0,2
324,6000,31124,1,1,2014,1,30,54.3,1.2,2
325,10299,17852,1,1,2017,1,145,62.8,1.0,0
326,6299,90378,1,2,2016,0,0,74.3,1.5,1
327,5500,67375,1,1,2015,0,0,78.5,1.5,3
328,5299,64231,1,1,2013,1,0,65.7,1.0,3
329,8700,42026,1,0,2016,1,125,53.3,1.0,2
330,15500,14766,1,0,2018,0,150,64.2,1.5,0
331,11768,15375,1,2,2017,1,145,57.7,1.0,0
332,11799,28333,1,2,2017,1,145,60.1,1.0,2
333,16499,32253,1,2,2017,0,145,67.3,2.0,2
334,7999,15107,1,1,2015,1,0,65.7,1.0,0
335,13000,10834,1,2,2018,1,145,57.7,1.0,0
336,7500,29845,1,1,2013,1,0,65.7,1.0,2
337,8200,20387,1,1,2016,1,0,65.7,1.0,0
338,7500,31994,1,1,2015,0,0,76.4,1.5,2
339,11300,13550,1,1,2017,1,145,65.7,1.0,0
340,12798,8000,1,1,2019,0,150,88.3,1.5,0
341,16998,1088,0,0,2019,1,145,45.6,1.0,0
342,18999,20,0,0,2019,1,150,45.6,1.0,0
343,8999,12052,1,1,2017,1,150,54.3,1.2,0
344,5999,41886,1,1,2015,1,30,54.3,1.2,2
345,13998,5674,0,1,2019,1,150,48.7,1.0,0
346,6299,28543,1,1,2014,1,30,54.3,1.2,2
347,10200,30737,1,1,2018,1,145,65.7,1.0,2
348,13200,18331,1,1,2019,1,145,60.1,1.0,0
349,7200,39315,1,1,2013,0,0,78.5,1.6,2
350,8800,30612,1,1,2016,1,0,65.7,1.0,2
351,6999,29624,1,2,2013,0,20,67.3,1.6,2
352,9700,30284,1,1,2018,1,145,64.2,1.1,2
353,11300,14577,1,1,2017,1,145,65.7,1.0,0
354,12000,14620,1,1,2019,1,145,60.1,1.0,0
355,10100,38902,1,1,2018,1,145,56.5,1.0,2
356,10800,29783,1,1,2018,1,145,56.5,1.0,2
357,10500,11518,1,0,2017,1,145,52.3,1.0,0
358,9400,48153,1,2,2015,0,0,74.3,1.5,2
359,9500,33496,1,2,2015,0,0,74.3,1.5,2
360,8299,16060,1,1,2016,0,0,78.5,1.5,0
361,6499,41048,1,2,2013,1,20,58.9,1.0,2
362,9299,18518,1,0,2017,1,160,44.8,1.5,0
363,16998,2121,1,0,2019,1,145,51.4,1.0,0
364,12799,21718,1,1,2018,1,145,62.8,1.0,0
365,6499,25797,1,1,2012,1,145,48.7,1.6,2
366,16998,5568,1,2,2019,1,145,60.1,1.0,0
367,14998,6564,1,2,2019,1,145,58.9,1.0,0
368,13998,7126,1,1,2019,1,145,62.8,1.0,0
369,12498,12831,1,1,2019,1,145,65.7,1.0,0
370,7299,45310,1,2,2014,1,20,60.1,1.0,2
371,7499,4189,1,1,2016,1,125,54.3,1.2,0
372,10999,20254,1,2,2018,1,145,60.1,1.0,0
373,14999,23624,0,1,2018,1,145,54.3,1.0,0
374,9699,9936,1,1,2017,1,145,65.7,1.0,0
375,9299,39904,1,2,2017,1,20,61.4,1.0,2
376,17299,861,0,0,2019,1,145,45.6,1.0,0
377,14999,1519,0,1,2019,1,150,48.7,1.0,0
378,8999,9181,1,1,2015,1,0,65.7,1.0,0
379,8499,46301,1,2,2015,0,0,74.3,1.5,2
380,12999,9921,1,1,2019,1,145,58.9,1.0,0
381,14799,442,1,1,2019,1,150,56.5,1.0,0
382,13799,7463,1,0,2019,1,145,53.3,1.0,0
383,12399,18227,1,2,2018,0,145,80.7,1.5,0
384,7999,26213,1,1,2017,0,0,78.5,1.5,2
385,11699,18678,1,0,2018,1,145,54.3,1.0,0
386,13799,1715,0,0,2018,1,145,45.6,1.0,0
387,15999,5153,1,2,2019,1,145,60.1,1.0,0
388,11999,3409,1,1,2019,1,145,55.4,1.1,0
389,15699,6195,1,1,2019,1,145,60.1,1.0,0
390,16399,935,0,0,2019,1,145,45.6,1.0,0
391,8199,30510,1,1,2017,1,150,54.3,1.2,2
392,17799,1524,1,0,2019,1,150,51.4,1.0,0
393,8300,23255,1,1,2017,1,0,65.7,1.0,2
394,11250,6746,1,2,2017,1,20,60.1,1.0,0
395,7999,12410,1,0,2016,1,125,52.3,1.0,0
396,13100,11581,1,1,2018,1,145,55.4,1.0,0
397,9700,12955,1,1,2017,1,0,65.7,1.0,0
398,7400,15589,1,1,2014,1,30,54.3,1.2,0
399,10400,25400,1,2,2017,0,0,74.3,1.5,2
400,10800,22965,0,2,2017,1,125,51.4,1.0,0
401,8200,31272,1,1,2016,1,0,65.7,1.0,2
402,11000,27878,1,2,2017,0,0,74.3,1.5,2
403,6995,34645,1,1,2015,1,125,54.3,1.2,2
404,10495,8311,1,2,2016,0,0,74.3,1.5,0
405,9495,6600,1,0,2015,1,160,44.8,1.5,0
406,6495,48704,1,1,2013,1,0,65.7,1.0,2
407,11495,15344,1,1,2018,1,145,65.7,1.0,0
408,8300,38043,1,1,2016,1,0,65.7,1.0,2
409,8500,22637,1,1,2017,1,0,65.7,1.0,0
410,10300,36500,1,1,2015,1,150,47.9,1.6,2
411,10700,10000,1,1,2019,1,150,55.4,1.1,0
412,8500,41904,1,2,2015,1,20,60.1,1.0,2
413,11000,14621,1,2,2017,0,0,74.3,1.5,0
414,8350,46935,1,2,2015,1,20,60.1,1.0,2
415,16500,19709,1,2,2017,1,145,41.5,2.0,0
416,7700,54803,1,2,2015,1,20,60.1,1.0,3
417,12500,12500,1,1,2018,1,145,49.6,1.0,0
418,10500,30933,1,2,2017,1,145,60.1,1.0,2
419,8300,18381,1,2,2015,1,20,60.1,1.0,0
420,9650,23300,1,2,2017,1,20,60.1,1.0,0
421,11500,34468,0,2,2017,0,0,67.3,1.5,2
422,12300,11173,1,1,2018,1,150,56.5,1.0,0
423,11100,42500,0,2,2017,0,145,67.3,1.5,2
424,10900,7342,1,1,2019,1,145,55.4,1.1,0
425,9000,22311,0,1,2014,1,0,57.7,1.0,0
426,7600,17838,1,1,2016,1,125,54.3,1.2,0
427,10200,29550,1,1,2016,1,145,47.9,1.6,2
428,12600,12663,1,1,2019,1,145,58.9,1.0,0
429,12199,17954,1,2,2017,0,150,74.3,1.5,0
430,16799,433,0,0,2019,1,150,45.6,1.0,0
431,17399,246,0,0,2019,1,150,45.6,1.0,0
432,11999,12485,1,2,2017,1,150,60.1,1.0,0
433,8500,23676,1,1,2016,1,20,62.8,1.0,2
434,8700,15000,1,1,2016,1,0,65.7,1.0,0
435,15999,2410,1,0,2019,1,150,53.3,1.0,0
436,12999,8732,1,1,2019,1,145,58.9,1.0,0
437,12999,9307,1,1,2019,1,145,58.9,1.0,0
438,14199,6335,0,1,2019,1,145,48.7,1.0,0
439,8299,36711,1,0,2016,0,30,64.2,1.5,2
440,14399,6967,0,1,2019,1,145,48.7,1.0,0
441,8799,10380,1,1,2016,1,0,65.7,1.0,0
442,8200,21731,1,1,2016,1,0,65.7,1.0,0
443,10800,40000,1,2,2017,0,0,74.3,1.5,2
444,11200,14341,1,2,2017,0,0,74.3,1.5,0
445,10700,26715,1,2,2017,1,150,60.1,1.0,2
446,9800,27861,1,2,2016,1,20,60.1,1.0,2
447,10500,6693,0,2,2015,1,165,44.8,1.6,0
448,6900,37052,1,1,2017,1,125,54.3,1.2,2
449,8700,31399,1,1,2015,1,0,65.7,1.0,2
450,15999,183,1,1,2020,1,150,55.4,1.0,0
451,16799,433,0,0,2019,1,150,45.6,1.0,0
452,11999,6150,1,1,2018,1,150,65.7,1.0,0
453,8999,40561,1,1,2017,1,20,62.8,1.0,2
454,10200,12427,1,2,2016,1,20,61.4,1.0,0
455,15900,30884,1,2,2017,0,20,67.3,2.0,2
456,10100,38638,1,2,2016,0,0,74.3,1.5,2
457,10800,15903,0,2,2016,1,125,51.4,1.0,0
458,9850,19243,0,0,2016,1,160,44.8,1.5,0
459,10000,24891,1,0,2017,1,125,52.3,1.0,2
460,8400,36701,1,0,2016,1,125,53.3,1.0,2
461,10500,11896,1,0,2017,1,125,52.3,1.0,0
462,7800,29512,1,1,2016,1,0,65.7,1.0,2
463,7900,29326,1,1,2016,1,0,65.7,1.0,2
464,9100,38379,1,2,2015,0,0,74.3,1.5,2
465,7500,44264,1,1,2016,1,0,65.7,1.0,2
466,8200,29529,1,1,2016,1,0,65.7,1.0,2
467,8700,12110,1,1,2016,1,0,65.7,1.0,0
468,8900,35500,1,1,2016,1,20,62.8,1.0,2
469,7995,41589,1,1,2017,1,145,65.7,1.0,2
470,9995,24826,1,1,2017,1,150,65.7,1.0,2
471,10295,46713,1,2,2017,1,20,60.1,1.0,2
472,10995,24449,1,2,2017,1,150,60.1,1.0,0
473,7900,14175,1,1,2014,1,0,65.7,1.0,0
474,9450,8724,1,0,2017,1,150,52.3,1.0,0
475,9650,27000,1,2,2017,1,150,61.4,1.0,2
476,8650,27241,1,1,2016,1,20,62.8,1.0,2
477,12489,13530,1,2,2017,0,150,74.3,1.5,0
478,9989,16019,2,1,2017,1,150,57.7,1.0,0
479,14295,10585,1,2,2018,1,145,57.7,1.0,0
480,9295,35150,1,1,2016,1,0,65.7,1.0,2
481,10795,41008,1,1,2018,1,145,56.5,1.0,2
482,14695,9316,1,0,2019,1,145,53.3,1.0,0
483,4495,77000,1,2,2011,1,145,47.9,1.6,1
484,4695,67000,1,2,2011,1,145,47.9,1.6,3
485,12200,38773,1,2,2015,0,20,67.3,2.0,2
486,7500,36421,1,1,2016,1,0,65.7,1.0,2
487,7100,33428,1,1,2015,1,0,65.7,1.0,2
488,11800,16612,1,2,2017,0,0,74.3,1.5,0
489,8100,39612,1,2,2014,0,20,67.3,1.6,2
490,11000,25921,1,1,2016,1,145,47.9,1.6,2
491,10150,29301,1,2,2017,0,0,74.3,1.5,2
492,11250,29463,1,1,2018,1,150,62.8,1.0,2
493,13495,6019,1,1,2018,1,145,65.7,1.0,0
494,13995,15080,1,0,2018,1,145,54.3,1.0,0
495,13489,11268,1,1,2019,1,145,58.9,1.0,0
496,9489,38000,1,2,2015,0,0,74.3,1.5,2
497,11489,7199,1,1,2019,1,150,58.9,1.0,0
498,7489,33000,1,1,2016,1,125,54.3,1.2,2
499,10789,22000,0,2,2017,1,150,51.4,1.0,0
500,9789,21899,2,1,2017,1,0,57.7,1.0,0
501,10989,20000,1,2,2017,1,150,60.1,1.0,0
502,12299,12100,1,2,2017,1,150,60.1,1.0,0
503,10989,11256,1,2,2017,1,150,60.1,1.0,0
504,10489,11704,1,1,2018,1,150,65.7,1.0,0
505,10489,15402,1,1,2018,1,150,65.7,1.0,0
506,13489,3549,2,2,2018,0,150,74.3,1.5,0
507,13799,8244,1,0,2018,1,145,54.3,1.0,0
508,10489,19137,1,1,2018,1,150,65.7,1.0,0
509,10489,19510,1,1,2018,1,150,65.7,1.0,0
510,10489,12416,0,2,2016,1,125,51.4,1.0,0
511,14489,13765,1,2,2019,1,145,58.9,1.0,0
512,7189,28101,1,1,2015,1,125,54.3,1.2,2
513,17289,12030,1,2,2019,1,145,60.1,1.0,0
514,7999,15074,1,1,2016,1,125,54.3,1.2,0
515,9800,44162,1,2,2016,0,20,70.6,2.0,2
516,8600,26068,1,1,2017,1,145,65.7,1.0,2
517,8000,50000,1,2,2015,1,20,60.1,1.0,2
518,7250,38830,1,1,2016,1,0,65.7,1.0,2
519,11500,20733,0,2,2017,1,150,51.4,1.0,0
520,11999,20479,1,1,2017,1,145,47.9,1.6,0
521,10999,16714,1,2,2017,0,145,74.3,1.5,0
522,16999,3211,1,2,2019,1,145,60.1,1.0,0
523,24999,6746,1,2,2019,1,145,34.5,2.3,0
524,11999,4800,1,1,2019,1,145,58.9,1.0,0
525,9989,25379,1,1,2018,1,145,65.7,1.0,2
526,13989,7534,1,2,2018,1,145,57.7,1.0,0
527,12289,14112,1,2,2017,1,145,60.1,1.0,0
528,11489,18377,1,1,2018,1,150,65.7,1.0,0
529,11889,9610,1,2,2018,1,150,60.1,1.0,0
530,11489,19942,1,2,2016,0,0,74.3,1.5,0
531,8289,21000,1,1,2016,1,0,65.7,1.0,0
532,9989,14826,1,1,2018,1,150,64.2,1.1,0
533,9989,23591,1,1,2018,1,150,65.7,1.0,0
534,9989,17221,1,1,2017,1,145,65.7,1.0,0
535,8289,60462,1,0,2017,1,125,53.3,1.0,3
536,7389,8741,1,1,2016,1,125,54.3,1.2,0
537,16989,2120,1,2,2019,1,145,60.1,1.0,0
538,13989,21,1,0,2019,1,145,53.3,1.0,0
539,10200,27912,1,2,2017,0,0,74.3,1.5,2
540,10200,43234,1,2,2017,0,0,74.3,1.5,2
541,10300,51186,1,2,2017,1,125,51.4,1.5,2
542,10700,18483,1,2,2017,1,20,60.1,1.0,0
543,17489,9028,1,2,2018,1,145,41.5,2.0,0
544,15289,23815,1,2,2017,1,145,41.5,2.0,0
545,9589,8659,1,1,2017,1,145,65.7,1.0,0
546,8789,23447,1,0,2017,1,125,52.3,1.0,2
547,17989,15623,0,2,2019,0,145,74.3,1.5,0
548,19989,7895,1,1,2019,1,150,40.3,1.5,0
549,15250,4500,1,1,2020,1,150,58.9,1.0,0
550,10489,3960,1,2,2017,1,20,60.1,1.0,0
551,15789,8800,1,2,2019,1,150,60.1,1.0,0
552,9989,22922,1,1,2018,1,150,65.7,1.0,0
553,9489,18708,2,1,2016,1,145,47.9,1.6,0
554,7489,29094,1,1,2017,1,145,65.7,1.0,2
555,18000,881,1,2,2019,1,150,60.1,1.0,0
556,8489,31902,1,1,2017,1,145,65.7,1.0,2
557,3989,73994,1,1,2012,1,20,68.9,1.4,3
558,3789,71672,1,1,2009,0,20,67.3,1.6,3
559,7989,12800,2,1,2014,1,0,57.7,1.0,0
560,8289,43839,1,2,2017,1,20,61.4,1.0,2
561,9489,37069,1,1,2017,1,0,57.7,1.0,2
562,8389,36335,1,0,2016,1,125,53.3,1.0,2
563,8949,43931,1,2,2017,1,20,61.4,1.0,2
564,8489,68127,0,1,2017,1,0,57.7,1.0,3
565,9989,31856,1,2,2017,1,145,60.1,1.0,2
566,9689,31432,1,2,2016,1,20,60.1,1.0,2
567,8000,26358,0,1,2014,1,145,47.9,1.6,2
568,9000,40249,1,1,2016,0,0,78.5,1.5,2
569,10500,22249,1,2,2015,1,20,60.1,1.0,0
570,13000,24716,1,2,2018,0,150,74.3,1.5,0
571,8000,21155,1,1,2014,1,0,65.7,1.0,0
572,13000,15362,1,2,2017,0,150,74.3,1.5,0
573,18000,8607,0,2,2018,1,145,47.9,1.5,0
574,7500,55478,1,1,2015,1,20,62.8,1.0,3
575,14800,368,1,1,2019,1,150,58.9,1.0,0
576,12500,18605,1,2,2018,1,145,57.7,1.0,0
577,10300,18667,1,1,2017,1,150,65.7,1.0,0
578,9700,26097,1,1,2014,1,150,47.9,1.6,2
579,10700,44901,1,2,2017,0,150,74.3,1.5,2
580,9200,9530,1,1,2017,1,125,54.3,1.2,0
581,10300,27516,1,1,2018,1,145,65.7,1.0,2
582,9800,25708,1,1,2017,1,0,65.7,1.0,2
583,11000,24934,1,0,2017,1,125,52.3,1.0,2
584,10500,24518,1,1,2018,1,150,65.7,1.0,0
585,10000,22060,1,1,2017,1,150,65.7,1.0,0
586,11200,23898,1,2,2017,0,0,74.3,1.5,0
587,9500,27804,1,1,2017,1,20,62.8,1.0,2
588,11000,22728,1,1,2017,1,0,65.7,1.0,0
589,11800,13601,1,2,2017,1,20,60.1,1.0,0
590,13500,25535,1,2,2018,0,150,74.3,1.5,2
591,9300,20901,1,1,2018,1,150,55.4,1.1,0
592,7800,40857,1,2,2014,0,125,57.7,2.0,2
593,18500,7892,0,2,2019,1,150,51.4,1.0,0
594,13300,1987,0,1,2019,1,150,48.7,1.0,0
595,9700,28826,1,1,2016,1,20,62.8,1.0,2
596,12500,14063,1,1,2019,1,145,58.9,1.0,0
597,13500,11941,1,2,2018,1,145,57.7,1.0,0
598,12800,13385,1,1,2019,1,145,56.5,1.0,0
599,12000,25060,1,2,2016,1,125,51.4,1.5,2
600,9689,11000,1,1,2018,1,145,55.4,1.1,0
601,11989,26672,1,1,2017,1,145,47.9,1.6,2
602,17000,16556,0,2,2018,0,145,74.3,1.5,0
603,12989,17989,1,2,2018,0,145,74.3,1.5,0
604,16289,8724,1,2,2018,0,145,80.7,1.5,0
605,18139,17522,1,2,2019,1,145,50.4,1.5,0
606,10789,21847,1,2,2017,1,145,60.1,1.0,0
607,17249,7956,1,2,2019,0,145,74.3,1.5,0
608,18489,9567,1,2,2019,0,145,57.7,1.5,0
609,9999,19801,1,1,2018,1,145,65.7,1.0,0
610,10989,17161,1,2,2017,1,145,61.4,1.0,0
611,6889,36000,1,1,2015,1,30,54.3,1.2,2
612,8189,22887,1,1,2016,1,125,54.3,1.2,0
613,10489,24121,1,2,2016,1,20,61.4,1.0,0
614,10289,20809,1,1,2017,1,145,65.7,1.0,0
615,9400,9405,1,1,2017,1,145,54.3,1.2,0
616,12300,27823,0,2,2017,0,0,67.3,1.5,2
617,18000,14557,0,2,2018,0,145,74.3,1.5,0
618,17800,1080,0,0,2019,1,145,44.1,1.0,0
619,16000,6348,1,2,2019,1,145,60.1,1.0,0
620,11000,21979,1,1,2018,0,145,88.3,1.5,0
621,13000,1446,0,2,2017,1,150,51.4,1.0,0
622,16000,8497,1,2,2019,0,145,62.8,1.5,0
623,17000,4076,1,2,2020,1,145,58.9,1.0,0
624,8700,61294,1,2,2015,0,0,74.3,1.5,3
625,10700,20409,1,1,2017,1,145,62.8,1.0,0
626,8700,19706,1,1,2016,1,125,54.3,1.2,0
627,9800,20498,1,2,2015,1,20,61.4,1.0,0
628,10000,18896,1,2,2015,0,0,74.3,1.5,0
629,9000,44317,1,2,2016,0,0,74.3,1.5,2
630,9400,30347,1,1,2018,1,145,64.2,1.1,2
631,10200,25524,0,0,2017,1,160,44.8,1.5,2
632,12000,12983,0,1,2017,1,145,57.7,1.0,0
633,8000,32560,1,1,2016,1,20,62.8,1.0,2
634,10300,36569,1,1,2015,1,145,47.9,1.6,2
635,11700,37867,1,1,2017,1,145,47.9,1.6,2
636,13000,9738,1,2,2018,1,145,57.7,1.0,0
637,6500,34522,1,1,2014,1,30,54.3,1.2,2
638,7000,30709,1,1,2014,1,0,65.7,1.0,2
639,10800,26247,1,1,2017,1,145,65.7,1.0,2
640,6800,32638,1,1,2013,1,30,54.3,1.2,2
641,9800,18647,1,1,2017,1,0,65.7,1.0,0
642,8600,19873,1,1,2016,1,125,54.3,1.2,0
643,9000,32469,1,1,2017,1,145,65.7,1.0,2
644,7000,44720,1,1,2014,1,0,65.7,1.0,2
645,11000,31680,1,1,2018,1,145,65.7,1.0,2
646,17500,22864,1,2,2017,1,145,41.5,2.0,0
647,11200,20867,1,1,2018,1,145,56.5,1.0,0
648,11500,17450,1,1,2018,1,145,56.5,1.0,0
649,13800,22889,1,2,2018,0,145,58.9,1.0,0
650,10300,17933,1,1,2017,1,145,65.7,1.0,0
651,10400,26677,1,1,2016,0,0,78.5,1.5,2
652,16400,3947,1,0,2019,1,145,51.4,1.0,0
653,11300,21786,1,2,2017,0,145,74.3,1.5,0
654,9000,25653,1,1,2017,1,145,65.7,1.0,2
655,8400,22422,1,1,2016,1,125,54.3,1.2,0
656,10500,12542,1,1,2017,1,145,65.7,1.0,0
657,10300,17586,1,1,2016,1,0,65.7,1.0,0
658,9300,33259,1,1,2015,0,0,78.5,1.5,2
659,10300,20914,1,1,2017,1,0,65.7,1.0,0
660,8200,35865,1,1,2016,1,0,65.7,1.0,2
661,8100,16158,1,1,2016,1,125,54.3,1.2,0
662,8700,24360,1,1,2017,0,0,78.5,1.5,2
663,8000,32737,1,1,2016,1,0,65.7,1.0,2
664,7500,33399,1,1,2015,1,0,65.7,1.0,2
665,19000,8938,1,2,2017,1,145,41.5,2.0,0
666,10700,36004,1,1,2016,1,145,47.9,1.6,2
667,9900,15920,1,1,2017,1,0,65.7,1.0,0
668,6000,50081,1,2,2013,1,20,58.9,1.0,2
669,5995,59674,1,1,2014,1,0,65.7,1.0,3
670,8995,36000,1,0,2015,1,155,44.8,1.5,2
671,15800,2261,0,0,2018,1,145,45.6,1.0,0
672,9600,17457,1,1,2016,1,0,65.7,1.0,0
673,11900,17144,1,2,2018,1,145,60.1,1.0,0
674,10000,14005,1,1,2018,1,145,55.4,1.1,0
675,11300,14619,1,1,2018,1,145,65.7,1.0,0
676,16000,26672,1,2,2019,1,145,60.1,1.0,2
677,12700,25746,1,2,2017,0,145,74.3,1.5,2
678,11000,12518,1,1,2018,1,150,65.7,1.0,0
679,10800,20615,1,1,2016,1,20,62.8,1.0,0
680,12500,10956,1,1,2019,1,145,60.1,1.0,0
681,11300,16617,1,2,2018,1,145,60.1,1.0,0
682,12500,21697,0,2,2017,1,150,51.4,1.0,0
683,12500,15183,1,2,2018,1,145,57.7,1.0,0
684,13200,2096,1,1,2019,1,145,64.2,1.0,0
685,7700,52210,1,1,2015,1,30,55.4,1.0,3
686,9500,34319,1,2,2015,0,30,64.2,1.5,2
687,15500,8555,1,2,2019,1,150,60.1,1.0,0
688,7900,41398,1,2,2013,0,20,67.3,1.6,2
689,6300,42700,1,1,2013,1,30,54.3,1.2,2
690,8600,17050,1,1,2016,1,125,54.3,1.2,0
691,7500,46683,1,1,2014,1,0,65.7,1.0,2
692,8700,19928,1,1,2016,1,125,54.3,1.2,0
693,11500,6071,1,2,2016,0,0,74.3,1.5,0
694,12600,16043,1,2,2017,1,145,60.1,1.0,0
695,11700,20691,1,2,2017,1,145,60.1,1.0,0
696,9600,27036,1,2,2016,0,0,74.3,1.5,2
697,9000,33161,0,0,2015,1,160,44.8,1.5,2
698,12500,11260,1,1,2019,1,145,60.1,1.0,0
699,13000,12910,1,1,2019,1,145,58.9,1.0,0
700,10300,12218,1,1,2017,1,145,65.7,1.0,0
701,8200,34318,1,1,2016,1,125,54.3,1.2,2
702,8800,47156,1,1,2017,1,20,62.8,1.0,2
703,9500,29809,1,1,2017,1,0,65.7,1.0,2
704,9200,32463,1,1,2017,1,0,65.7,1.0,2
705,9000,40789,1,1,2016,1,20,62.8,1.0,2
706,9900,18139,1,2,2016,1,20,60.1,1.0,0
707,12500,17560,0,2,2017,1,145,51.4,1.0,0
708,8500,33403,1,0,2015,0,30,61.4,0.0,2
709,10700,26762,1,1,2017,1,0,65.7,1.0,2
710,9000,33327,1,1,2016,1,0,65.7,1.0,2
711,15800,9816,0,2,2018,1,150,51.4,1.0,0
712,10500,27958,1,1,2016,1,0,65.7,1.0,2
713,7200,36740,1,1,2015,1,125,54.3,1.2,2
714,11600,16127,1,1,2019,1,145,60.1,1.0,0
715,10000,20109,1,1,2017,1,150,65.7,1.0,0
716,10000,46008,1,2,2016,0,0,74.3,1.5,2
717,11000,19698,1,1,2017,1,150,65.7,1.0,0
718,10800,19030,1,1,2016,1,20,62.8,1.0,0
719,10500,15244,1,1,2017,1,145,65.7,1.0,0
720,18000,5731,1,2,2019,1,145,60.1,1.0,0
721,12000,7626,1,1,2017,1,20,62.8,1.0,0
722,10300,28480,1,1,2018,1,145,65.7,1.0,2
723,17400,8607,0,0,2019,1,145,44.1,1.0,0
724,8800,38317,1,1,2017,1,150,65.7,1.0,2
725,12000,23423,1,1,2017,1,145,47.9,1.6,0
726,14000,9427,1,1,2019,1,145,55.4,1.0,0
727,11700,24775,0,2,2017,1,125,51.4,1.0,2
728,12000,6794,0,1,2017,1,0,57.7,1.0,0
729,17700,1864,1,2,2019,1,145,60.1,1.0,0
730,10900,21057,1,0,2017,1,125,52.3,1.0,0
731,12300,32333,1,2,2017,0,145,74.3,1.5,2
732,7700,31299,1,1,2015,1,125,54.3,1.2,2
733,11000,31479,1,2,2017,0,145,74.3,1.5,2
734,8000,33011,1,1,2015,1,125,54.3,1.2,2
735,11800,36069,1,1,2017,1,145,47.9,1.6,2
736,9400,11653,1,0,2017,1,160,44.8,1.5,0
737,8900,47393,1,2,2015,0,0,74.3,1.5,2
738,12300,14724,1,2,2017,1,20,60.1,1.0,0
739,12700,13198,1,2,2018,1,145,57.7,1.0,0
740,12400,13523,1,1,2019,1,145,60.1,1.0,0
741,9800,6806,0,1,2016,1,150,47.9,1.6,0
742,7500,13585,1,1,2014,1,0,65.7,1.0,0
743,6600,46794,1,1,2015,1,125,54.3,1.2,2
744,12000,14436,0,2,2016,1,145,46.3,1.5,0
745,11000,25292,1,1,2017,1,0,65.7,1.0,2
746,15000,9930,1,1,2019,0,145,58.9,1.5,0
747,7000,38142,1,1,2013,1,0,65.7,1.0,2
748,8400,54451,1,2,2015,0,0,74.3,1.5,3
749,9300,8431,0,1,2014,1,145,47.9,1.6,0
750,10600,29984,1,2,2016,1,20,60.1,1.0,2
751,12000,28733,1,1,2018,1,145,65.7,1.0,2
752,10800,18218,1,2,2016,0,0,74.3,1.5,0
753,18500,11716,0,2,2019,0,145,74.3,1.5,0
754,9300,33547,1,2,2016,0,0,74.3,1.5,2
755,14300,18883,1,2,2018,0,145,80.7,1.5,0
756,9400,10791,1,1,2016,1,125,54.3,1.2,0
757,17600,16393,1,2,2017,1,200,41.5,2.0,0
758,11500,23908,0,1,2018,1,145,54.3,1.0,0
759,13500,26159,1,2,2018,1,145,58.9,1.0,2
760,9300,26000,1,2,2016,1,20,61.4,1.0,2
761,13800,5111,1,1,2019,1,145,58.9,1.0,0
762,10800,16959,1,1,2017,1,145,62.8,1.0,0
763,10000,19638,1,1,2017,1,20,62.8,1.0,0
764,8900,46894,1,1,2016,0,0,78.5,1.5,2
765,6200,17953,1,1,2015,1,30,54.3,1.2,0
766,12500,16936,1,1,2018,1,145,62.8,1.0,0
767,11000,19133,0,1,2017,1,145,57.7,1.0,0
768,9000,29033,1,1,2018,1,145,64.2,1.1,2
769,10300,14991,1,1,2017,1,145,65.7,1.0,0
770,10300,23041,1,1,2017,1,145,65.7,1.0,0
771,9500,12438,1,1,2018,1,145,64.2,1.1,0
772,8600,25929,1,1,2016,1,125,54.3,1.2,2
773,11400,30144,1,1,2018,1,145,65.7,1.0,2
774,12700,21388,1,2,2017,0,145,74.3,1.5,0
775,12300,20536,1,1,2018,1,0,69.0,1.0,0
776,10800,25591,1,1,2017,0,0,78.5,1.5,2
777,9100,13425,1,1,2016,1,0,65.7,1.0,0
778,14200,20986,1,2,2019,0,145,80.7,1.5,0
779,14400,16931,1,2,2018,0,145,80.7,1.5,0
780,11700,33913,1,1,2018,1,145,65.7,1.0,2
781,10200,31804,1,1,2017,0,0,78.5,1.5,2
782,6800,32204,1,1,2015,1,30,54.3,1.2,2
783,9000,32516,1,2,2014,0,20,67.3,1.6,2
784,9600,18810,1,1,2015,1,20,62.8,1.0,0
785,8500,12254,1,1,2017,1,150,64.2,1.1,0
786,10799,21693,0,2,2017,1,150,51.4,1.0,0
787,10499,41600,1,2,2017,0,0,74.3,1.5,2
788,7000,94581,1,2,2016,1,125,51.4,1.5,1
789,7499,67331,0,2,2015,1,160,44.8,1.6,3
790,9299,22186,1,0,2017,1,145,44.8,1.5,0
791,12000,80468,0,2,2016,0,30,61.4,2.0,1
792,10000,10200,1,1,2018,1,150,65.7,1.0,0
793,6500,88220,1,2,2015,0,0,74.3,1.5,1
794,8295,60030,1,2,2017,0,145,74.3,1.5,3
795,8195,35230,0,1,2016,1,150,47.9,1.6,2
796,7695,50380,1,2,2015,0,0,74.3,1.5,2
797,11695,57420,1,2,2016,0,20,67.3,2.0,3
798,11490,19579,1,2,2017,1,140,60.1,1.0,0
799,15990,11509,1,1,2019,1,145,40.3,1.5,0
800,9000,29117,1,1,2017,1,0,65.7,1.0,2
801,10000,14425,1,1,2018,1,145,55.4,1.1,0
802,16800,2220,0,2,2019,0,145,67.3,1.5,0
803,9300,18798,1,1,2016,0,0,88.3,1.5,0
804,17000,17510,1,2,2017,1,200,41.5,2.0,0
805,10500,31779,1,1,2017,1,0,65.7,1.0,2
806,6300,40178,1,1,2014,1,30,54.3,1.2,2
807,14500,9961,1,0,2018,1,145,54.3,1.0,0
808,9000,25122,1,1,2016,1,0,65.7,1.0,2
809,9375,9633,1,0,2017,0,145,44.8,1.5,0
810,9275,27450,1,2,2016,1,20,61.4,1.0,2
811,11495,19050,0,0,2017,1,160,44.8,1.5,0
812,17650,3323,0,0,2019,1,145,45.6,1.0,0
813,8250,18234,1,1,2017,1,145,65.7,1.0,0
814,3895,61171,1,1,2009,1,145,49.6,1.2,3
815,7995,25406,1,1,2017,1,125,54.3,1.2,2
816,18500,5289,1,1,2019,1,145,40.3,1.5,0
817,11375,19484,1,2,2017,1,145,60.1,1.0,0
818,11750,25465,1,2,2018,0,145,74.3,1.5,2
819,12350,3977,1,1,2019,1,145,56.5,1.0,0
820,9725,18291,1,2,2017,0,0,74.3,1.5,0
821,6295,34000,1,1,2010,1,145,48.7,1.4,2
822,8795,38886,1,1,2016,1,0,65.7,1.0,2
823,8500,23457,1,1,2016,1,0,65.7,1.0,2
824,14985,5400,1,2,2018,1,150,58.9,1.0,0
825,9985,13555,1,1,2017,1,145,65.7,1.0,0
826,1999,113492,1,2,2009,1,200,42.2,1.6,1
827,1299,97556,1,1,2006,0,30,62.8,1.4,1
828,2499,87023,1,2,2010,0,30,62.8,1.6,1
829,2495,107000,1,2,2009,1,205,42.2,1.6,1
830,2995,98000,1,2,2009,0,145,54.3,1.8,1
831,9250,21128,1,1,2017,1,0,65.7,1.0,0
832,9689,24989,1,1,2016,1,0,65.7,1.0,2
833,9850,19610,1,1,2017,1,0,65.7,1.0,0
834,14695,33896,1,2,2016,0,20,67.3,2.0,2
835,6495,46000,1,1,2014,1,30,54.3,1.2,2
836,7995,23000,2,1,2013,1,145,47.9,1.6,0
837,7250,33000,1,1,2013,0,0,76.4,1.5,2
838,13750,14000,1,2,2018,1,150,51.4,1.5,0
839,8750,41000,1,2,2015,0,0,74.3,1.5,2
840,18900,16000,1,2,2017,1,200,41.5,2.0,0
841,13000,16800,1,1,2018,1,145,58.9,1.0,0
842,16250,19500,1,2,2016,1,200,41.5,2.0,0
843,13750,38000,1,2,2016,0,20,67.3,2.0,2
844,4499,93193,1,2,2012,1,145,47.9,1.6,1
845,11500,29755,0,2,2017,1,145,51.4,1.0,2
846,3989,88733,1,1,2009,1,150,49.6,1.4,1
847,19000,4800,1,2,2019,1,145,45.6,1.5,0
848,5250,67000,1,1,2012,0,20,68.9,1.6,3
849,7750,45000,1,1,2016,1,0,65.7,1.0,2
850,13000,3000,1,1,2018,1,145,61.4,1.0,0
851,8000,58000,1,0,2016,1,125,53.3,1.0,3
852,6250,53000,1,2,2013,1,145,47.9,1.6,3
853,15500,10000,1,2,2019,1,145,60.1,1.0,0
854,20000,100,1,2,2020,1,145,60.1,1.0,0
855,16489,17155,1,2,2017,0,145,67.3,2.0,0
856,8289,28405,1,1,2017,1,150,65.7,1.0,2
857,14789,10444,1,2,2018,1,145,60.1,1.0,0
858,3689,76648,1,1,2010,1,145,49.6,1.4,1
859,9388,32780,2,2,2016,0,0,67.3,1.5,2
860,12389,14948,1,1,2019,1,145,65.7,1.0,0
861,8000,28000,1,1,2016,1,0,65.7,1.0,2
862,14500,9000,1,2,2018,1,145,50.4,1.5,0
863,4650,52000,1,1,2012,1,125,50.4,1.2,3
864,8800,16000,1,1,2017,1,150,54.3,1.2,0
865,8000,40000,1,1,2016,1,0,65.7,1.0,2
866,8750,19000,1,1,2017,1,125,54.3,1.2,0
867,13989,14413,1,2,2019,1,145,58.9,1.0,0
868,14989,9171,1,0,2019,1,145,53.3,1.0,0
869,12489,11623,1,1,2019,1,145,58.9,1.0,0
870,7489,51864,1,2,2015,0,20,67.3,1.6,3
871,11689,14132,1,2,2017,0,0,74.3,1.5,0
872,24989,6760,1,2,2019,1,150,34.5,2.3,0
873,13289,13387,1,2,2018,0,150,74.3,1.5,0
874,15489,6889,1,2,2019,1,145,60.1,1.0,0
875,10689,15337,1,2,2017,0,0,74.3,1.5,0
876,12989,9884,1,2,2018,1,145,60.1,1.0,0
877,9489,34180,1,1,2017,1,145,65.7,1.0,2
878,8900,25520,1,1,2017,1,125,54.3,1.2,2
879,6489,47157,1,1,2013,1,30,54.3,1.2,2
880,11589,17997,1,2,2018,1,145,60.1,1.0,0
881,9489,22798,1,0,2017,1,145,52.3,1.0,0
882,12189,10283,1,2,2018,1,145,60.1,1.0,0
883,4489,67145,1,1,2011,1,125,50.4,1.2,3
884,16489,5529,1,0,2019,1,145,51.4,1.0,0
885,9789,16577,1,1,2018,1,145,65.7,1.0,0
886,9289,16086,1,1,2018,1,145,64.2,1.1,0
887,9688,17157,1,1,2018,1,145,65.7,1.0,0
888,8889,10951,1,1,2017,1,145,64.2,1.1,0
889,9889,14085,1,1,2018,1,145,65.7,1.0,0
890,13000,24484,1,2,2017,0,145,70.6,0.0,0
891,12000,18116,1,2,2017,0,145,74.3,1.5,0
892,8800,27692,1,0,2016,1,125,53.3,1.0,2
893,8000,30226,1,1,2014,0,0,76.4,1.5,2
894,11989,29086,1,2,2018,0,145,74.3,1.5,2
895,9489,29307,1,1,2017,1,145,65.7,1.0,2
896,8989,16939,1,1,2017,1,0,65.7,1.0,0
897,9989,5561,1,1,2017,1,0,65.7,1.0,0
898,8489,25320,1,1,2016,1,125,54.3,1.2,2
899,13989,16064,0,2,2018,1,145,51.4,1.0,0
900,5989,54581,1,1,2013,1,30,54.3,1.2,3
901,10489,21518,1,1,2017,1,145,62.8,1.0,0
902,10289,20254,1,2,2017,0,0,74.3,1.5,0
903,9500,27461,1,1,2018,1,145,64.2,1.1,2
904,12700,11151,1,1,2019,1,145,60.1,1.0,0
905,9700,11186,1,1,2017,1,0,65.7,1.0,0
906,18400,8230,1,2,2019,0,145,74.3,1.5,0
907,10000,27284,1,1,2017,1,145,65.7,1.0,2
908,10000,6311,1,1,2017,1,0,65.7,1.0,0
909,8389,18017,1,1,2016,1,125,54.3,1.2,0
910,11188,23493,1,1,2018,0,145,88.3,1.5,0
911,9489,37566,1,1,2017,1,0,65.7,1.0,2
912,8689,30817,1,0,2014,1,125,53.3,1.0,2
913,10189,36347,1,2,2018,1,145,60.1,1.0,2
914,10989,13496,1,1,2018,1,145,65.7,1.0,0
915,9989,16299,1,2,2017,0,0,74.3,1.5,0
916,8788,33610,1,1,2018,1,145,64.2,1.1,2
917,9998,2332,1,1,2018,1,145,55.4,1.1,0
918,7299,42324,1,1,2015,0,0,88.3,1.5,2
919,13445,19672,1,2,2018,1,145,60.1,1.0,0
920,9199,18895,1,0,2017,1,145,53.3,1.0,0
921,5499,84000,1,2,2013,0,20,67.3,1.6,1
922,6499,72000,0,2,2015,1,165,44.8,1.6,3
923,4799,74000,1,1,2014,1,0,65.7,1.0,3
924,3495,92836,1,1,2009,1,145,49.6,1.4,1
925,7995,18020,1,1,2017,1,125,54.3,1.2,0
926,8995,28105,1,1,2016,1,0,65.7,1.0,2
927,13980,12632,1,2,2019,1,145,60.1,1.0,0
928,17990,3289,0,2,2019,0,145,74.3,1.5,0
929,14990,1850,1,2,2018,1,145,60.1,1.0,0
930,10899,13879,0,2,2017,1,125,51.4,1.0,0
931,13699,5342,1,2,2018,1,150,58.9,1.0,0
932,10280,12257,1,2,2017,0,145,74.3,1.5,0
933,12290,5093,1,1,2018,1,145,58.9,1.0,0
934,3690,95299,1,1,2012,0,0,68.9,1.6,1
935,6729,71098,1,2,2013,0,20,67.3,1.6,3
936,4999,83772,1,2,2013,0,0,76.4,1.6,1
937,6295,66278,1,2,2014,1,30,56.5,1.0,3
938,15000,22006,1,1,2018,1,145,40.3,1.5,0
939,6499,52000,1,1,2014,1,0,65.7,1.0,3
940,7499,29000,1,1,2016,1,125,54.3,1.2,2
941,6995,35850,0,2,2013,1,165,44.1,1.6,2
942,8780,15695,1,1,2016,1,0,65.7,1.0,0
943,12199,8600,1,2,2017,1,145,57.7,1.0,0
944,6199,40700,1,1,2015,1,125,54.3,1.2,2
945,7599,26536,1,1,2014,1,0,65.7,1.0,2
946,9499,10264,1,1,2018,1,145,58.9,1.0,0
947,12610,26052,1,2,2018,1,145,57.7,1.0,2
948,8879,12945,0,1,2014,1,145,47.9,1.6,0
949,10899,14929,1,2,2015,0,0,74.3,1.5,0
950,9000,33917,1,2,2015,1,20,60.1,1.0,2
951,10000,19934,1,1,2016,1,0,65.7,1.0,0
952,7900,40284,1,1,2016,1,125,54.3,1.2,2
953,9000,15809,1,1,2017,1,150,65.7,1.0,0
954,9200,32000,1,2,2015,1,20,60.1,1.0,2
955,7489,51950,1,1,2015,1,20,62.8,1.0,3
956,15489,6355,1,1,2018,1,145,62.8,1.0,0
957,9989,27240,1,0,2017,1,145,53.3,1.0,2
958,10498,12229,1,1,2018,1,145,58.9,1.0,0
959,8990,33553,1,1,2017,1,0,65.7,1.0,2
960,9990,14440,1,1,2018,1,145,65.7,1.0,0
961,19300,1592,0,2,2019,1,150,51.4,1.0,0
962,11000,17025,1,1,2017,0,145,78.5,1.5,0
963,7599,54672,1,2,2014,0,20,67.3,1.6,3
964,10999,18821,1,1,2018,1,145,56.5,1.0,0
965,12699,8839,1,2,2018,1,145,57.7,1.0,0
966,7999,18435,1,1,2016,1,125,54.3,1.2,0
967,7695,28200,1,1,2015,1,30,54.3,1.2,2
968,7995,27500,0,1,2013,1,145,47.9,1.6,2
969,11995,18000,1,0,2017,1,145,52.3,1.0,0
970,8900,26118,1,1,2017,1,150,54.3,1.2,2
971,11000,12358,1,2,2017,1,20,60.1,1.0,0
972,12000,36851,1,2,2017,0,150,74.3,1.5,2
973,8999,14268,1,1,2016,1,0,65.7,1.0,0
974,8499,12606,1,1,2017,1,145,54.3,1.2,0
975,7499,32796,1,1,2017,1,0,65.7,1.0,2
976,7899,30390,1,1,2018,1,145,64.2,1.1,2
977,9899,22115,1,1,2018,0,145,85.6,1.5,0
978,9199,29778,1,0,2017,1,125,52.3,1.0,2
979,8599,26664,1,2,2015,0,0,74.3,1.5,2
980,9299,26805,1,2,2016,0,0,74.3,1.5,2
981,9199,45045,1,2,2015,0,0,74.3,1.5,2
982,5750,45761,1,1,2013,1,30,54.3,1.2,2
983,6995,41198,1,1,2015,1,0,65.7,1.0,2
984,8450,23854,1,2,2016,0,0,74.3,1.5,2
985,12452,18729,1,2,2017,1,145,50.4,1.5,0
986,7999,66442,1,2,2016,0,0,74.3,1.5,3
987,9999,13946,1,2,2015,0,0,74.3,1.5,0
988,12399,15420,1,2,2018,1,145,57.7,1.0,0
989,7099,74176,1,2,2015,0,0,74.3,1.5,1
990,7599,24329,1,1,2015,0,0,78.5,1.5,2
991,9199,47304,1,2,2011,1,325,30.4,2.5,2
992,8299,13788,1,1,2016,1,125,54.3,1.2,0
993,7250,39482,1,1,2016,0,0,78.5,1.5,2
994,8999,21975,1,1,2016,1,0,65.7,1.0,0
995,9850,20764,1,2,2016,0,0,74.3,1.5,0
996,11850,18466,1,2,2017,0,145,74.3,1.5,0
997,5699,43288,1,1,2014,0,0,85.6,1.6,2
998,7468,66825,1,2,2015,0,0,74.3,1.5,3
999,6750,11900,1,1,2015,1,125,54.3,1.2,0
1000,7560,46924,1,1,2016,0,0,88.3,1.5,2
1001,14105,13953,1,0,2018,1,145,54.3,1.0,0
1002,9699,42330,1,2,2016,0,0,74.3,1.5,2
1003,7299,88993,1,2,2016,0,0,74.3,1.5,1
1004,8175,36008,1,2,2014,0,20,67.3,1.6,2
1005,10499,29396,1,2,2017,0,0,74.3,1.5,2
1006,9799,54750,1,2,2012,1,235,39.2,2.0,3
1007,7299,57982,1,1,2014,1,0,65.7,1.0,3
1008,6699,33542,1,1,2013,1,0,65.7,1.0,2
1009,9599,27438,0,1,2015,1,0,57.7,1.0,2
1010,10499,19530,1,2,2017,1,145,61.4,1.0,0
1011,13946,13724,0,1,2018,1,145,49.6,1.0,0
1012,15395,26908,1,2,2017,0,145,67.3,2.0,2
1013,13231,11856,1,2,2018,1,145,57.7,1.0,0
1014,7899,30125,1,1,2015,1,0,65.7,1.0,2
1015,4599,73611,1,1,2013,0,0,76.4,1.5,3
1016,7495,29352,1,2,2014,0,20,67.3,1.6,2
1017,11595,25392,1,2,2017,1,145,60.1,1.0,2
1018,7983,29390,0,2,2014,1,160,44.8,1.6,2
1019,9920,34894,1,2,2016,1,20,60.1,1.0,2
1020,8277,18543,1,1,2016,1,125,54.3,1.2,0
1021,17182,15672,1,2,2018,1,145,41.5,2.0,0
1022,6614,28694,1,1,2014,1,30,54.3,1.2,2
1023,9099,39191,0,2,2016,0,20,67.3,1.5,2
1024,4995,82809,1,1,2014,0,0,76.4,1.5,1
1025,10999,28337,1,1,2018,1,145,65.7,1.0,2
1026,8999,26740,1,1,2017,0,145,85.6,1.5,2
1027,12295,13849,1,2,2017,0,145,74.3,1.5,0
1028,11850,15013,1,2,2017,0,145,74.3,1.5,0
1029,15799,19750,1,2,2016,1,200,41.5,2.0,0
1030,8750,15548,1,1,2015,1,0,65.7,1.0,0
1031,12612,8974,1,2,2017,1,145,57.7,1.0,0
1032,7699,27426,1,1,2017,1,0,65.7,1.0,2
1033,8399,15382,1,1,2016,1,0,65.7,1.0,0
1034,10199,18010,1,1,2016,1,0,65.7,1.0,0
1035,7499,27243,1,1,2016,1,125,54.3,1.2,2
1036,8999,20300,1,2,2015,1,20,58.9,1.0,0
1037,9999,42415,1,1,2018,1,145,56.5,1.0,2
1038,11599,21618,1,2,2017,1,145,57.7,1.0,0
1039,8388,24784,1,1,2017,1,125,54.3,1.2,2
1040,7342,19562,1,1,2015,1,0,65.7,1.0,0
1041,8912,21840,1,1,2016,1,0,65.7,1.0,0
1042,10999,28323,1,1,2018,1,145,65.7,1.0,2
1043,10151,24664,1,1,2018,0,145,55.4,1.5,2
1044,11886,19798,1,2,2017,0,145,74.3,1.5,0
1045,6891,97190,1,2,2016,0,20,70.6,2.0,1
1046,12099,14439,1,2,2017,0,145,74.3,1.5,0
1047,14312,40536,1,2,2016,0,20,67.3,2.0,2
1048,12495,16579,1,0,2018,1,145,54.3,1.0,0
1049,13995,6025,0,1,2018,1,145,48.7,1.0,0
1050,13495,14219,1,1,2018,1,145,62.8,1.0,0
1051,9795,42469,1,0,2017,1,145,64.2,1.5,2
1052,10995,11129,1,1,2017,1,145,65.7,1.0,0
1053,8995,32918,1,0,2016,0,30,64.2,1.5,2
1054,11995,15329,1,1,2018,1,145,65.7,1.0,0
1055,12495,35027,1,2,2017,1,20,60.1,1.0,2
1056,16495,34207,1,2,2018,0,150,54.3,2.0,2
1057,10495,15704,1,1,2017,1,150,65.7,1.0,0
1058,12995,24029,0,1,2018,1,150,54.3,1.0,0
1059,10495,20772,1,0,2017,1,150,52.3,1.0,0
1060,8995,23267,1,1,2017,1,150,64.2,1.1,2
1061,11995,22167,1,2,2017,1,150,60.1,1.0,0
1062,10495,34075,0,0,2017,1,150,44.8,1.5,2
1063,7499,31000,1,1,2015,1,125,54.3,1.2,2
1064,10999,32133,1,2,2017,0,145,74.3,1.5,2
1065,7499,27775,1,1,2016,1,125,54.3,1.2,2
1066,13000,46007,1,2,2015,0,20,67.3,2.0,2
1067,10799,20748,1,1,2018,1,145,65.7,1.0,0
1068,9450,33000,1,0,2017,1,145,52.3,1.0,2
1069,7750,25000,1,1,2013,1,0,65.7,1.0,2
1070,4495,62000,1,1,2011,1,150,48.7,1.4,3
1071,6480,49000,1,2,2013,0,20,67.3,1.6,2
1072,10999,37000,1,2,2017,1,145,60.1,1.0,2
1073,1290,137000,1,2,2008,0,150,54.3,1.8,1
1074,15900,19488,1,2,2016,0,20,67.3,2.0,0
1075,10770,17202,1,1,2018,1,145,65.7,1.0,0
1076,9680,37960,1,1,2018,1,145,65.7,1.0,2
1077,9900,32950,1,1,2018,1,145,65.7,1.0,2
1078,7350,66445,1,1,2015,1,20,62.8,1.0,3
1079,8650,29022,1,1,2015,1,20,62.8,1.0,2
1080,9099,11900,1,1,2018,1,145,55.4,1.1,0
1081,7599,14226,1,1,2017,1,125,54.3,1.2,0
1082,10495,26460,1,1,2018,1,150,65.7,1.0,2
1083,13995,9515,1,0,2018,1,150,54.3,1.0,0
1084,9750,22000,1,1,2016,1,0,65.7,1.0,0
1085,12495,32163,1,1,2017,1,150,47.9,1.6,2
1086,10995,9532,1,0,2017,1,150,52.3,1.0,0
1087,13995,16063,1,2,2018,1,150,60.1,1.0,0
1088,15995,5000,1,0,2019,1,145,53.3,1.0,0
1089,10750,34000,1,2,2017,1,20,60.1,1.0,2
1090,6250,44000,1,2,2013,1,30,56.5,1.0,2
1091,9495,18000,1,1,2016,1,0,65.7,1.0,0
1092,9495,27000,1,1,2016,1,0,65.7,1.0,2
1093,11750,13000,1,1,2018,1,145,65.7,1.0,0
1094,17995,2000,1,2,2019,1,145,49.6,1.0,0
1095,11995,10000,0,1,2017,1,0,57.7,1.0,0
1096,1400,63000,1,1,2007,1,145,47.1,1.2,3
1097,17495,5225,1,2,2019,1,145,60.1,1.0,0
1098,8895,14037,1,1,2017,1,125,54.3,1.2,0
1099,8499,51879,1,2,2015,0,0,74.3,1.5,3
1100,15490,8817,0,0,2018,1,145,45.6,1.0,0
1101,9980,21893,1,0,2017,1,145,52.3,1.0,0
1102,7880,71661,1,2,2016,0,0,74.3,1.5,3
1103,8995,42462,1,0,2017,1,125,52.3,1.0,2
1104,10495,24914,1,1,2017,1,145,65.7,1.0,2
1105,11995,23516,1,2,2017,1,145,60.1,1.0,0
1106,7495,33383,1,1,2016,1,125,54.3,1.2,2
1107,15495,32294,1,2,2017,0,145,67.3,2.0,2
1108,9995,7497,0,1,2017,1,0,57.7,1.0,0
1109,9995,12873,1,1,2018,1,150,64.2,1.1,0
1110,7495,26665,1,1,2014,1,0,65.7,1.0,2
1111,5850,66115,1,1,2016,0,0,78.5,1.5,3
1112,9950,23940,1,1,2016,1,145,47.9,1.6,0
1113,11750,23782,1,1,2017,1,145,47.9,1.6,0
1114,11750,11829,1,2,2018,1,145,57.7,1.0,0
1115,1475,88746,0,2,2005,1,265,36.7,1.6,1
1116,16950,17856,1,2,2017,1,205,41.5,2.0,0
1117,4990,91938,1,2,2014,0,20,67.3,1.6,1
1118,7295,83823,1,2,2015,0,0,74.3,1.5,1
1119,9395,41702,1,0,2017,1,150,52.3,1.0,2
1120,9800,27196,1,1,2017,1,150,65.7,1.0,2
1121,8200,21718,1,1,2015,1,0,65.7,1.0,0
1122,8795,21091,2,1,2015,1,150,47.9,1.6,0
1123,15995,11900,1,2,2019,1,145,60.1,1.0,0
1124,9495,8563,1,1,2018,1,145,64.2,1.1,0
1125,9995,9148,1,1,2017,1,145,65.7,1.0,0
1126,10495,16275,1,1,2018,1,145,65.7,1.0,0
1127,12495,12012,1,1,2018,1,145,65.7,1.0,0
1128,11995,13832,1,1,2018,1,145,65.7,1.0,0
1129,10495,31045,1,0,2017,1,145,44.8,1.5,2
1130,14995,14145,1,0,2019,1,150,53.3,1.0,0
1131,9495,28741,2,1,2016,1,0,65.7,1.0,2
1132,10500,27833,1,1,2017,1,150,62.8,1.0,2
1133,8250,62706,1,2,2015,0,0,74.3,1.5,3
1134,18795,1342,1,2,2019,1,150,60.1,1.0,0
1135,14999,8260,1,0,2019,1,145,53.3,1.0,0
1136,11395,10602,1,1,2018,1,145,58.9,1.0,0
1137,11695,10375,1,1,2018,1,145,58.9,1.0,0
1138,15250,6367,1,2,2018,1,145,58.9,1.0,0
1139,16495,6344,1,2,2019,1,145,49.6,1.0,0
1140,10495,13650,0,1,2017,1,145,57.7,1.0,0
1141,10995,11840,1,1,2018,1,145,58.9,1.0,0
1142,14795,2159,1,1,2019,1,145,58.9,1.0,0
1143,17250,7694,1,1,2019,1,145,60.1,1.0,0
1144,12999,15061,1,1,2019,1,145,56.5,1.0,0
1145,9995,26473,1,1,2018,1,150,55.4,1.1,2
1146,14495,8845,1,1,2018,1,150,55.4,1.0,0
1147,7995,36189,1,1,2017,1,150,65.7,1.0,2
1148,6999,30029,1,1,2014,1,0,65.7,1.0,2
1149,3575,50975,1,2,2009,0,160,51.4,2.0,2
1150,9995,15522,1,1,2018,1,145,65.7,1.0,0
1151,11995,13558,1,1,2017,1,145,65.7,1.0,0
1152,15995,10956,1,1,2019,1,145,58.9,1.0,0
1153,12991,49605,1,2,2015,0,20,67.3,2.0,2
1154,9491,45526,1,2,2016,0,0,74.3,1.5,2
1155,8100,15411,1,1,2016,1,125,54.3,1.2,0
1156,18999,6696,1,2,2019,0,145,70.6,2.0,0
1157,18999,5572,0,2,2019,0,145,74.3,1.5,0
1158,12470,6653,1,1,2018,0,145,88.3,1.5,0
1159,15750,43499,1,2,2017,0,20,67.3,2.0,2
1160,10995,16552,1,1,2019,1,145,58.9,1.0,0
1161,15600,4902,0,1,2019,1,145,48.7,1.0,0
1162,13999,6906,0,1,2018,1,145,48.7,1.0,0
1163,12895,9281,1,0,2018,0,145,68.9,1.5,0
1164,16995,7660,1,2,2018,1,145,60.1,1.0,0
1165,10250,18559,1,1,2018,1,145,65.7,1.0,0
1166,9795,8606,1,1,2017,1,0,65.7,1.0,0
1167,9750,8500,1,1,2017,1,145,65.7,1.0,0
1168,9195,14973,1,1,2017,1,145,65.7,1.0,0
1169,3450,77466,1,2,2009,1,190,42.2,1.6,1
1170,6899,22488,0,2,2013,1,160,44.1,1.6,0
1171,7750,19384,1,1,2014,1,30,54.3,1.2,0
1172,4899,26375,1,1,2012,1,125,51.4,1.2,2
1173,10350,32299,1,2,2017,0,145,74.3,1.5,2
1174,18295,10677,0,2,2019,1,145,41.5,1.0,0
1175,8995,37867,1,2,2016,1,20,61.4,1.0,2
1176,12795,6386,0,1,2018,1,145,48.7,1.0,0
1177,9500,15979,1,1,2017,1,0,65.7,1.0,0
1178,10000,26488,1,2,2017,0,0,74.3,1.5,2
1179,2500,102950,1,1,2009,1,150,49.6,1.2,1
1180,2491,62596,1,1,2007,1,145,47.1,1.2,3
1181,2991,79089,1,1,2009,1,145,49.6,1.2,1
1182,4491,38831,1,1,2011,1,125,50.4,1.2,2
1183,3491,71926,1,1,2009,1,145,49.6,1.2,3
1184,13795,17722,1,0,2018,0,145,68.9,1.5,0
1185,16498,7866,1,2,2019,1,145,49.6,1.0,0
1186,12350,9247,1,2,2018,1,145,60.1,1.0,0
1187,10995,14532,1,1,2017,1,145,65.7,1.0,0
1188,5795,105260,1,2,2015,1,20,60.1,1.0,1
1189,18250,9996,0,2,2019,0,145,74.3,1.5,0
1190,16995,9366,1,2,2018,1,145,60.1,1.0,0
1191,13950,13200,1,0,2018,1,145,54.3,1.0,0
1192,13745,11964,1,1,2017,1,145,47.9,1.6,0
1193,9790,20207,1,1,2018,1,145,65.7,1.0,0
1194,17490,5079,1,1,2019,1,150,40.3,1.5,0
1195,22390,28794,1,2,2016,1,235,36.7,2.3,2
1196,10195,34381,1,1,2017,1,145,65.7,1.0,2
1197,6195,75720,1,1,2015,1,20,62.8,1.0,1
1198,8000,61630,0,2,2016,0,0,67.3,1.5,3
1199,5795,25449,1,1,2015,1,30,54.3,1.2,2
1200,3295,95000,1,1,2009,1,145,49.6,1.4,1
1201,2995,114000,1,2,2010,1,200,42.2,1.6,1
1202,1695,116000,1,1,2008,1,145,47.1,1.2,1
1203,5995,43000,1,1,2013,1,30,54.3,1.2,2
1204,7799,19110,1,1,2015,1,125,54.3,1.2,0
1205,7299,66804,1,2,2015,0,0,74.3,1.5,3
1206,7690,19131,1,1,2016,1,125,54.3,1.2,0
1207,13950,3800,1,0,2018,1,145,53.3,1.0,0
1208,9450,28600,1,1,2016,1,0,65.7,1.0,2
1209,4000,111530,1,1,2013,1,0,65.7,1.0,1
1210,10095,22790,1,1,2018,1,145,58.9,1.0,0
1211,15995,13194,1,1,2019,1,145,40.3,1.5,0
1212,8995,18792,1,1,2017,1,145,54.3,1.2,0
1213,17895,1696,1,2,2019,1,145,60.1,1.0,0
1214,10395,9029,1,1,2017,1,145,65.7,1.0,0
1215,17495,2808,1,2,2019,1,145,60.1,1.0,0
1216,15495,14447,0,0,2019,1,145,45.6,1.0,0
1217,9595,49773,0,2,2017,1,145,51.4,1.0,2
1218,10495,11075,0,0,2016,1,160,44.8,1.5,0
1219,6295,40820,1,1,2013,1,30,54.3,1.2,2
1220,8500,24770,1,1,2015,1,20,62.8,1.0,2
1221,7195,71350,1,2,2016,0,0,74.3,1.5,3
1222,7695,59260,1,2,2015,0,0,74.3,1.5,3
1223,9170,28000,1,2,2015,1,20,61.4,0.0,2
1224,18699,10000,1,2,2019,1,145,46.3,0.0,0
1225,3995,70000,1,1,2009,0,20,67.3,1.6,3
1226,4995,69000,1,2,2011,1,150,47.1,1.6,3
1227,10697,22946,1,2,2017,0,145,74.3,1.5,0
1228,5895,59306,1,2,2014,1,30,56.5,1.0,3
1229,9899,10000,1,1,2017,1,0,65.7,0.0,0
1230,12973,23000,1,0,2018,1,145,54.3,0.0,0
1231,15904,5000,1,0,2019,1,145,52.3,0.0,0
1232,9204,28000,1,1,2017,1,145,65.7,0.0,2
1233,11999,28000,1,0,2018,1,145,53.3,0.0,2
1234,9080,20000,1,1,2017,1,0,65.7,0.0,0
1235,9046,22000,1,1,2017,1,0,65.7,0.0,0
1236,11783,23000,0,1,2017,1,0,57.7,0.0,0
1237,9275,34000,0,1,2017,1,0,57.7,0.0,2
1238,18389,19000,1,2,2018,1,145,67.3,0.0,0
1239,21999,4000,1,1,2019,1,145,40.3,0.0,0
1240,10903,8000,1,1,2018,1,150,65.7,0.0,0
1241,12975,11000,1,2,2017,1,145,51.4,0.0,0
1242,9072,23000,1,2,2015,1,20,58.9,0.0,0
1243,11325,23000,1,1,2018,1,150,65.7,0.0,0
1244,8999,34000,1,2,2013,1,150,47.1,0.0,2
1245,2991,89969,1,2,2009,1,205,42.2,1.6,1
1246,1999,101000,1,2,2008,1,200,42.2,1.6,1
1247,5500,62187,1,1,2013,1,30,54.3,1.2,3
1248,3499,84239,1,2,2011,1,235,40.4,1.8,1
1249,10699,29600,1,1,2015,1,145,47.9,1.6,2
1250,3499,69676,1,1,2008,1,150,49.6,1.4,3
1251,6999,55336,1,2,2015,0,0,67.3,1.5,3
1252,2799,100900,1,2,2010,1,205,42.2,1.6,1
1253,11995,25000,1,2,2018,1,145,57.7,1.0,2
1254,14295,6988,1,1,2019,1,145,65.7,1.0,0
1255,5999,62021,1,2,2013,0,20,67.3,1.6,3
1256,2495,93900,1,2,2010,0,30,62.8,1.6,1
1257,3000,81124,1,2,2010,0,200,47.9,2.0,1
1258,2495,89000,1,2,2008,0,30,62.8,1.6,1
1259,9999,19000,1,1,2017,1,145,85.6,0.0,0
1260,12124,11000,0,1,2018,1,145,54.3,0.0,0
1261,14175,9000,1,1,2018,1,150,58.9,0.0,0
1262,5769,73000,1,1,2014,1,0,65.7,0.0,3
1263,12999,15000,1,1,2018,1,150,58.9,0.0,0
1264,9951,15000,1,0,2017,1,150,52.3,0.0,0
1265,8702,15000,1,1,2017,1,150,65.7,0.0,0
1266,12395,18280,1,2,2018,1,145,57.7,1.0,0
1267,13895,28536,0,0,2018,1,145,48.7,1.0,2
1268,17250,13200,1,1,2019,1,150,40.3,1.5,0
1269,2395,102000,1,2,2009,0,30,58.9,1.6,1
1270,6275,55000,1,2,2014,1,30,56.5,1.0,3
1271,4995,69000,1,2,2011,0,20,67.3,1.6,3
1272,5495,76000,1,2,2012,0,20,67.3,1.6,1
1273,3990,114000,1,2,2013,0,20,67.3,1.6,1
1274,7475,50000,1,2,2015,1,20,61.4,1.0,2
1275,5995,92000,2,2,2014,0,145,53.3,2.0,1
1276,5490,65815,1,2,2013,0,20,67.3,1.6,3
1277,6990,72160,1,2,2015,1,20,60.1,1.0,3
1278,7499,59020,1,2,2015,0,20,67.3,1.6,3
1279,3995,89411,1,2,2013,0,0,83.1,1.6,1
1280,8275,35000,1,1,2015,1,20,62.8,1.0,2
1281,8475,27000,1,1,2016,1,20,62.8,1.0,2
1282,9299,23306,1,2,2016,0,0,74.3,1.5,0
1283,5899,50914,1,2,2013,0,20,67.3,1.6,2
1284,8999,22191,1,1,2015,1,0,65.7,1.0,0
1285,11699,13211,1,2,2017,1,145,57.7,1.0,0
1286,8499,25369,1,2,2016,1,20,60.1,1.0,2
1287,7749,37890,1,1,2014,1,0,65.7,1.0,2
1288,8899,24068,0,1,2015,1,0,57.7,1.0,2
1289,9999,30060,1,1,2017,1,145,65.7,1.0,2
1290,10499,14808,1,2,2016,0,0,74.3,1.5,0
1291,9295,54385,1,2,2016,1,20,60.1,1.0,3
1292,7759,54000,1,0,2016,1,125,52.3,1.0,3
1293,5495,76317,0,2,2011,0,150,53.3,2.0,1
1294,3695,65782,0,2,2008,1,260,37.7,1.6,3
1295,8975,25000,1,1,2016,1,20,62.8,1.0,2
1296,8990,23377,1,1,2016,1,0,65.7,1.0,2
1297,9999,20000,1,1,2017,1,0,65.7,0.0,0
1298,6999,44000,1,1,2015,1,125,54.3,0.0,2
1299,15999,4000,1,2,2019,1,145,48.7,0.0,0
1300,3695,57440,1,1,2010,1,125,50.4,1.2,3
1301,5995,82399,1,2,2014,0,20,67.3,1.6,1
1302,6195,31543,1,2,2012,0,20,67.3,1.6,2
1303,4495,99400,1,2,2013,1,30,56.5,1.0,1
1304,9495,13000,1,1,2015,1,20,62.8,1.0,0
1305,4995,106000,1,2,2013,0,125,56.5,2.0,1
1306,3495,89000,1,1,2009,0,0,76.3,1.6,1
1307,6475,80000,1,2,2015,0,0,74.3,1.5,1
1308,17199,4928,1,2,2019,0,145,74.3,1.5,0
1309,11599,36601,1,2,2015,0,20,67.3,2.0,2
1310,17999,3016,0,2,2019,0,145,64.2,2.0,0
1311,16999,3774,1,2,2019,0,145,80.7,1.5,0
1312,17999,4147,0,2,2019,0,145,64.2,2.0,0
1313,7699,69205,1,2,2015,0,0,74.3,1.5,3
1314,13999,11233,0,2,2018,1,145,48.7,1.0,0
1315,5347,84219,1,2,2013,0,20,67.3,1.6,1
1316,7667,11050,1,1,2017,1,145,65.7,1.0,0
1317,4495,66000,1,1,2011,0,20,68.9,1.4,3
1318,11495,14174,1,2,2018,1,145,61.4,1.0,0
1319,9799,16909,1,0,2016,1,125,52.3,1.0,0
1320,12369,17028,1,2,2017,1,145,57.7,1.0,0
1321,8999,5366,1,1,2016,1,0,65.7,1.0,0
1322,19759,10586,1,2,2018,1,145,41.5,2.0,0
1323,8399,8886,1,1,2016,1,125,54.3,1.2,0
1324,7999,21939,1,1,2015,1,0,65.7,1.0,0
1325,11999,24000,1,0,2017,1,145,52.3,0.0,0
1326,16499,8000,0,0,2018,1,145,45.6,0.0,0
1327,12867,9000,1,0,2018,1,145,54.3,0.0,0
1328,11463,18000,1,1,2018,1,145,65.7,0.0,0
1329,11289,9000,1,1,2017,1,20,62.8,0.0,0
1330,12999,11000,1,2,2018,1,145,60.1,0.0,0
1331,14599,18528,1,1,2018,1,145,62.8,1.0,0
1332,16699,14728,1,2,2017,1,145,41.5,2.0,0
1333,7999,13455,1,1,2016,0,0,78.5,1.5,0
1334,7249,35752,1,1,2015,1,0,65.7,1.0,2
1335,8299,60912,1,2,2015,0,0,74.3,1.5,3
1336,5000,102500,1,2,2013,0,20,67.3,1.6,1
1337,9995,18143,1,0,2017,1,125,53.3,1.0,0
1338,6995,62903,1,2,2015,0,0,74.3,1.5,3
1339,8395,7986,1,1,2014,1,0,65.7,1.0,0
1340,7999,8527,1,1,2013,1,30,54.3,1.2,0
1341,10999,30232,0,1,2018,1,145,48.7,1.0,2
1342,11999,28036,1,2,2017,0,145,74.3,1.5,2
1343,8999,27820,0,1,2016,1,30,57.7,1.0,2
1344,6999,47612,1,1,2015,0,0,76.4,1.5,2
1345,5295,33000,0,1,2009,1,200,43.4,1.4,2
1346,8999,24867,0,1,2014,1,145,47.9,1.6,2
1347,7499,33358,1,1,2015,1,30,54.3,1.2,2
1348,8999,28883,1,2,2016,0,0,67.3,1.5,2
1349,2995,109000,1,2,2009,0,145,53.3,1.8,1
1350,2295,81000,1,2,2008,0,145,54.3,1.8,1
1351,2495,118000,1,2,2009,0,30,62.8,1.6,1
1352,6495,65000,1,1,2016,1,0,65.7,1.0,3
1353,3495,87000,1,1,2009,1,150,47.9,1.6,1
1354,3895,65000,1,1,2009,1,150,47.9,1.6,3
1355,7899,27784,1,1,2018,1,145,64.2,1.1,2
1356,8799,23641,1,1,2016,1,0,65.7,1.0,2
1357,8000,19985,1,1,2016,1,125,54.3,1.2,0
1358,10000,24000,1,0,2017,1,125,52.3,1.0,0
1359,12299,17896,1,2,2017,0,145,74.3,1.5,0
1360,11999,17296,1,2,2017,0,145,74.3,1.5,0
1361,8516,33350,1,1,2016,1,20,62.8,1.0,2
1362,13999,30367,1,2,2015,1,200,41.5,2.0,2
1363,14899,1866,1,0,2019,1,145,52.3,1.0,0
1364,9049,23813,1,1,2016,1,20,62.8,1.0,2
1365,13199,21622,1,2,2018,1,145,57.7,1.0,0
1366,13749,32258,1,2,2015,0,20,67.3,2.0,2
1367,14999,30341,1,2,2016,0,20,67.3,2.0,2
1368,5699,37168,1,1,2013,1,30,54.3,1.2,2
1369,8799,31117,1,1,2015,1,0,65.7,1.0,2
1370,7299,46923,1,1,2015,1,0,65.7,1.0,2
1371,7599,31433,1,0,2015,1,125,53.3,1.0,2
1372,7299,26932,1,1,2017,1,125,54.3,1.2,2
1373,12395,19127,1,2,2017,0,145,74.3,1.5,0
1374,12599,10760,1,2,2017,0,145,74.3,1.5,0
1375,7749,69779,1,2,2014,1,145,47.1,1.6,3
1376,14499,32967,1,2,2016,0,20,67.3,2.0,2
1377,6599,59964,1,2,2014,1,145,47.9,1.6,3
1378,14545,33461,1,2,2016,1,200,41.5,2.0,2
1379,12299,13430,1,2,2018,1,145,57.7,1.0,0
1380,6299,41177,1,1,2013,1,30,54.3,1.2,2
1381,10299,21245,1,1,2017,1,20,62.8,1.0,0
1382,10999,28848,1,2,2016,0,20,67.3,1.5,2
1383,12299,17779,1,2,2017,1,145,57.7,1.0,0
1384,18256,10138,1,2,2018,0,145,67.3,2.0,0
1385,7995,45000,1,1,2015,1,0,65.7,1.0,2
1386,5295,78500,0,1,2012,1,165,42.8,1.4,1
1387,10995,7600,0,0,2016,1,160,44.8,1.5,0
1388,13195,13000,1,2,2017,1,20,60.1,1.0,0
1389,22000,36437,1,2,2017,1,235,36.7,2.3,2
1390,9899,30526,1,1,2017,1,0,65.7,1.0,2
1391,7599,39915,0,2,2014,1,160,44.1,1.6,2
1392,7999,31757,1,1,2016,0,0,78.5,1.5,2
1393,8299,17795,1,1,2016,1,125,54.3,1.2,0
1394,7299,62943,1,2,2013,0,20,67.3,1.6,3
1395,8299,52816,0,2,2015,0,20,67.3,1.5,3
1396,8599,30925,1,1,2017,1,0,65.7,1.0,2
1397,11995,12320,0,2,2016,1,125,51.4,1.0,0
1398,8995,9202,1,1,2017,1,0,65.7,1.0,0
1399,6599,38217,1,1,2014,1,30,54.3,1.2,2
1400,7499,31737,1,1,2015,1,0,65.7,1.0,2
1401,8599,58312,1,2,2016,0,0,74.3,1.5,3
1402,7099,44893,1,1,2015,1,125,54.3,1.2,2
1403,7099,19245,1,1,2016,1,125,54.3,1.2,0
1404,11599,12527,1,2,2016,1,125,50.4,1.5,0
1405,16799,14196,0,2,2018,0,145,74.3,1.5,0
1406,9299,20556,1,1,2017,1,145,65.7,1.0,0
1407,7549,41295,1,1,2015,0,0,78.5,1.5,2
1408,10799,48370,1,2,2017,0,145,74.3,1.5,2
1409,8999,10498,1,1,2018,1,145,64.2,1.1,0
1410,7499,82508,1,1,2014,1,145,47.9,1.6,1
1411,6299,49795,1,1,2013,1,30,54.3,1.2,2
1412,7299,37812,1,1,2014,0,0,76.4,1.5,2
1413,8299,34132,1,1,2016,1,0,65.7,1.0,2
1414,8699,27223,1,1,2016,1,0,65.7,1.0,2
1415,12499,11830,1,2,2017,1,145,57.7,1.0,0
1416,10899,13197,1,1,2017,1,145,65.7,1.0,0
1417,8499,22328,1,1,2015,1,0,65.7,1.0,0
1418,8799,28748,1,1,2017,1,0,65.7,1.0,2
1419,7499,26311,1,1,2015,0,0,78.5,1.5,2
1420,14299,22035,1,2,2014,1,235,39.2,2.0,0
1421,12899,13791,1,2,2018,1,145,57.7,1.0,0
1422,7999,23069,1,1,2016,1,125,54.3,1.2,0
1423,7499,20163,1,1,2013,1,0,65.7,1.0,0
1424,13999,43150,1,2,2016,0,20,67.3,2.0,2
1425,8599,5454,1,1,2016,1,0,65.7,1.0,0
1426,9899,20521,1,1,2018,1,145,65.7,1.0,0
1427,11399,20928,0,2,2017,1,125,51.4,1.0,0
1428,11499,42043,1,2,2015,1,200,41.5,2.0,2
1429,18262,14800,1,2,2017,1,200,41.5,2.0,0
1430,17495,4798,1,0,2019,0,150,58.9,1.5,0
1431,5499,53126,1,2,2012,1,145,47.9,1.6,3
1432,6399,40942,1,2,2013,1,20,58.9,1.0,2
1433,7795,55202,1,2,2014,0,125,56.5,2.0,3
1434,5599,75943,1,1,2014,1,30,54.3,1.2,1
1435,9799,28927,1,1,2016,0,0,78.5,1.5,2
1436,7799,40909,1,1,2015,1,0,65.7,1.0,2
1437,9995,37774,1,2,2016,0,0,74.3,1.5,2
1438,12195,6300,1,2,2018,1,145,57.7,1.0,0
1439,6995,28860,0,2,2013,1,160,44.1,1.6,2
1440,1995,141000,1,2,2008,1,200,42.2,1.6,1
1441,3295,86000,1,2,2011,1,200,42.2,1.6,1
1442,8995,19128,1,1,2017,1,0,65.7,1.0,0
1443,1595,115000,1,1,2007,1,160,45.6,1.4,1
1444,9399,28257,1,1,2018,1,145,65.7,1.0,2
1445,12619,20879,1,2,2017,1,145,57.7,1.0,0
1446,12339,17333,1,2,2017,1,145,57.7,1.0,0
1447,14249,7178,1,1,2018,1,145,58.9,1.0,0
1448,8999,17299,1,1,2016,1,20,62.8,1.0,0
1449,12949,7755,1,2,2017,1,145,57.7,1.0,0
1450,13399,10040,1,2,2018,1,145,57.7,1.0,0
1451,8599,30373,0,1,2016,1,0,57.7,1.0,2
1452,1295,119000,1,1,2005,1,165,45.6,1.2,1
1453,6999,33754,1,1,2014,1,30,54.3,1.2,2
1454,7999,17379,1,1,2014,1,0,65.7,1.0,0
1455,4999,57149,1,1,2011,1,125,50.4,1.2,3
1456,4999,99614,1,2,2011,1,145,47.9,1.6,1
1457,7999,29839,1,2,2014,1,30,56.5,1.0,2
1458,11995,10000,1,1,2017,1,145,65.7,1.0,0
1459,11195,18000,1,1,2018,1,145,65.7,1.0,0
1460,11495,20000,1,2,2017,1,20,58.9,1.0,0
1461,10299,36463,1,1,2018,1,145,56.5,1.0,2
1462,10999,24453,1,1,2018,1,145,56.5,1.0,0
1463,13149,2949,1,0,2019,1,145,53.3,1.0,0
1464,5699,52484,1,1,2013,1,30,54.3,1.2,3
1465,6999,61730,1,1,2015,1,0,65.7,1.0,3
1466,6500,36200,1,2,2014,0,20,67.3,1.6,2
1467,6995,48734,1,2,2012,0,125,56.5,2.0,2
1468,19495,8866,1,2,2017,1,145,41.5,2.0,0
1469,25795,1175,1,2,2019,1,145,34.5,2.3,0
1470,7199,45596,1,2,2015,1,20,61.4,1.0,2
1471,10399,20533,1,1,2017,1,20,62.8,1.0,0
1472,694,82020,1,1,2008,1,145,47.1,1.2,1
1473,9295,28000,1,2,2016,1,20,61.4,1.0,2
1474,7495,41000,0,2,2014,1,160,44.8,1.6,2
1475,5994,119902,1,1,2017,0,265,78.5,1.5,1
1476,9975,37166,1,2,2017,1,145,60.1,1.0,2
1477,10475,16000,0,1,2016,1,145,47.9,1.6,0
1478,4250,70000,1,1,2011,1,125,50.4,1.2,3
1479,5995,67000,1,2,2007,1,330,26.3,2.5,3
1480,10295,19000,1,2,2017,1,20,61.4,1.0,0
1481,10995,11000,1,2,2016,1,20,60.1,1.0,0
1482,11499,10703,0,2,2016,1,160,44.8,1.6,0
1483,7995,45000,1,1,2014,1,20,62.8,1.0,2
1484,8995,20000,1,1,2015,1,0,65.7,1.0,0
1485,5150,67120,1,1,2011,1,150,48.7,1.6,3
1486,6250,39949,1,1,2016,1,125,54.3,1.2,2
1487,6850,32965,1,1,2014,1,30,54.3,1.2,2
1488,2995,93400,1,2,2009,1,200,42.2,1.6,1
1489,8450,20712,1,1,2015,1,0,65.7,1.0,0
1490,1995,40000,1,2,2005,1,205,44.1,1.6,2
1491,7295,53000,1,2,2014,1,20,60.1,1.0,3
1492,7449,44074,1,1,2015,0,0,76.4,1.5,2
1493,6999,48138,1,1,2016,1,0,65.7,1.0,2
1494,10399,37737,1,1,2018,0,145,58.9,1.5,2
1495,8799,10604,1,1,2017,1,0,65.7,1.0,0
1496,8959,8758,1,1,2017,1,125,54.3,1.2,0
1497,12299,13264,1,2,2018,1,145,57.7,1.0,0
1498,10499,25049,1,1,2016,1,20,62.8,1.0,2
1499,11499,18419,1,1,2017,1,145,62.8,1.0,0
1500,5999,75639,1,1,2013,1,0,65.7,1.0,1
1501,13699,9533,1,2,2018,1,145,57.7,1.0,0
1502,11999,13678,1,2,2018,1,145,57.7,1.0,0
1503,10299,17507,1,2,2016,0,0,74.3,1.5,0
1504,10489,31713,1,1,2016,1,145,47.9,1.6,2
1505,8549,38903,1,1,2016,1,20,62.8,1.0,2
1506,11999,37737,1,2,2015,0,20,67.3,2.0,2
1507,5599,38321,1,1,2013,1,0,65.7,1.0,2
1508,5799,63785,1,2,2014,1,30,56.5,1.0,3
1509,7399,49997,1,1,2015,1,0,65.7,1.0,2
1510,11999,17431,1,2,2018,1,145,57.7,1.0,0
1511,10999,27962,1,2,2018,1,145,57.7,1.0,2
1512,11199,25084,1,2,2018,1,145,57.7,1.0,2
1513,13499,41699,1,2,2015,0,20,67.3,2.0,2
1514,10061,25544,1,2,2016,0,0,74.3,1.5,2
1515,13299,16963,1,2,2018,0,145,74.3,1.5,0
1516,7499,45363,1,2,2015,0,0,74.3,1.5,2
1517,10999,31611,1,2,2018,1,145,60.1,1.0,2
1518,9199,25250,1,1,2016,1,20,62.8,1.0,2
1519,9749,16283,1,1,2016,1,0,65.7,1.0,0
1520,6899,27540,1,1,2014,1,30,54.3,1.2,2
1521,13999,38532,1,2,2016,0,20,67.3,2.0,2
1522,9699,36643,1,1,2017,1,20,62.8,1.0,2
1523,17499,25065,1,2,2018,0,145,67.3,2.0,0
1524,8549,16754,1,1,2015,1,0,65.7,1.0,0
1525,9369,14782,1,1,2015,1,20,62.8,1.0,0
1526,8449,31233,1,1,2017,0,0,78.5,1.5,2
1527,11999,22214,1,2,2017,0,145,74.3,1.5,0
1528,7999,21390,1,1,2016,1,125,54.3,1.2,0
1529,10499,17606,1,2,2016,0,0,74.3,1.5,0
1530,9389,24607,1,0,2016,1,125,52.3,1.0,2
1531,8299,40344,1,2,2016,0,0,74.3,1.5,2
1532,18699,11736,1,2,2018,1,145,41.5,2.0,0
1533,2495,78000,1,2,2007,0,125,58.9,1.6,1
1534,2995,88000,1,2,2010,1,205,42.2,1.6,1
1535,7500,32000,2,1,2015,1,0,57.7,1.0,2
1536,14699,11229,1,2,2019,1,145,60.1,1.0,0
1537,8999,8381,1,1,2016,0,0,78.5,1.5,0
1538,5495,76648,1,1,2011,1,145,47.9,1.6,1
1539,5995,44080,1,1,2013,1,0,65.7,1.0,2
1540,6995,65177,1,1,2012,1,145,47.9,1.6,3
1541,7450,69344,1,2,2015,1,20,61.4,1.0,3
1542,6650,31626,1,2,2012,1,145,47.9,1.6,2
1543,7299,31877,1,1,2016,1,125,54.3,1.2,2
1544,10199,39271,1,1,2018,0,145,58.9,1.5,2
1545,9999,17907,1,2,2016,0,0,74.3,1.5,0
1546,11999,12961,1,2,2017,1,145,57.7,1.0,0
1547,10699,21147,0,2,2015,1,145,46.3,1.5,0
1548,2799,50403,0,2,2007,1,260,37.1,1.6,2
1549,2799,70103,1,1,2009,1,145,47.1,1.2,3
1550,3299,67416,1,2,2009,1,200,42.2,1.6,3
1551,5799,29475,0,1,2011,1,200,42.8,1.4,2
1552,3999,56064,1,2,2003,1,325,31.0,2.0,3
1553,5499,54901,1,2,2011,1,145,47.9,1.6,3
1554,4999,41798,1,1,2012,1,150,48.7,1.4,2
1555,4299,39911,0,2,2009,1,265,37.7,1.6,2
1556,8375,17679,1,1,2016,1,125,54.3,1.2,0
1557,6995,41274,1,1,2014,1,0,65.7,1.0,2
1558,11995,20000,0,1,2018,1,145,48.7,1.0,0
1559,6295,30000,1,2,2011,1,145,47.9,1.6,2
1560,4490,56000,1,1,2008,1,145,49.6,1.4,3
1561,4350,63000,1,1,2012,0,125,50.4,2.0,3
1562,7000,46849,1,2,2012,0,20,67.3,1.6,2
1563,9300,20907,1,2,2015,1,20,60.1,1.0,0
1564,6995,42000,1,1,2016,1,125,54.3,1.2,2
1565,7495,55000,1,0,2014,1,160,44.8,1.5,3
1566,4799,41557,1,2,2010,1,200,42.8,1.6,2
1567,4299,54733,1,1,2008,1,145,47.9,1.6,3
1568,6995,68000,1,2,2007,1,325,26.3,2.5,3
1569,7950,47000,1,2,2016,1,20,60.1,1.0,2
1570,8250,37885,1,1,2016,1,20,62.8,1.0,2
1571,3000,91000,1,2,2008,1,160,51.4,1.0,1
1572,14650,8200,1,0,2018,1,145,51.4,1.0,0
1573,12000,20000,0,2,2017,1,125,51.4,1.0,0
1574,6495,41000,1,1,2013,1,0,65.7,1.0,2
1575,6195,52000,1,1,2014,1,0,65.7,1.0,3
1576,6695,43000,1,2,2013,1,150,47.9,1.6,2
1577,6000,38000,1,1,2014,1,30,54.3,1.2,2
1578,7295,37000,1,1,2014,1,0,65.7,1.0,2
1579,8295,45000,1,1,2016,1,20,62.8,1.0,2
1580,5195,66000,1,1,2011,1,150,47.9,1.6,3
1581,11500,19854,1,0,2018,1,150,54.3,1.0,0
1582,4995,50000,1,1,2009,1,145,47.9,1.6,2
1583,4295,83000,1,1,2010,1,145,48.7,1.4,1
1584,5495,73000,1,2,2012,0,20,67.3,1.6,3
1585,3995,90000,1,1,2010,1,145,49.6,1.4,1
1586,3495,73000,1,2,2008,1,200,42.2,1.6,3
1587,3995,93000,1,2,2009,1,200,42.8,1.6,1
1588,3495,100000,1,2,2010,0,30,62.8,1.6,1
1589,7500,65140,1,1,2016,1,0,65.7,1.0,3
1590,7695,43680,1,1,2016,0,0,88.3,1.5,2
1591,5995,43008,1,1,2012,0,20,68.9,1.4,2
1592,4995,54700,1,1,2012,0,20,68.9,1.4,3
1593,12295,22327,1,2,2017,1,145,51.4,1.5,0
1594,12259,18006,1,2,2017,0,145,74.3,1.5,0
1595,9899,33228,1,2,2016,1,20,60.1,1.0,2
1596,8299,44973,1,2,2016,0,0,83.1,1.5,2
1597,13439,5889,1,2,2018,1,145,57.7,1.0,0
1598,8279,34600,1,1,2014,1,0,65.7,1.0,2
1599,7199,20129,1,1,2014,1,30,54.3,1.2,0
1600,3995,83000,1,1,2012,0,0,85.6,1.6,1
1601,6199,44235,1,2,2013,1,20,58.9,1.0,2
1602,7759,18380,1,1,2015,1,125,54.3,1.2,0
1603,11799,20417,1,2,2018,1,145,60.1,1.0,0
1604,5599,86046,1,1,2016,0,0,78.5,1.5,1
1605,7899,61491,1,2,2015,1,20,60.1,1.0,3
1606,5879,51000,1,1,2013,1,30,54.3,1.2,2
1607,6495,79000,0,2,2012,1,155,44.1,1.6,1
1608,3999,83009,1,1,2012,0,20,68.9,1.4,1
1609,675,121000,1,2,2005,1,235,39.8,2.0,1
1610,950,74000,1,1,2004,1,160,45.6,1.2,3
1611,6990,52080,1,1,2015,1,0,65.7,1.0,3
1612,8679,15749,0,1,2014,1,0,57.7,1.0,0
1613,7769,20525,1,1,2016,1,0,65.7,1.0,0
1614,9299,30738,1,1,2016,1,0,65.7,1.0,2
1615,7999,45395,1,2,2015,0,0,74.3,1.5,2
1616,6699,29750,1,2,2013,0,0,76.4,1.6,2
1617,7799,24002,1,1,2015,1,30,54.3,1.2,2
1618,8799,37458,1,2,2016,0,0,74.3,1.5,2
1619,18500,100,1,2,2020,1,145,60.1,1.0,0
1620,2995,63000,1,2,2007,1,240,39.8,1.8,3
1621,10250,29705,1,2,2016,1,20,60.1,1.0,2
1622,7500,13220,1,1,2014,1,0,65.7,1.0,0
1623,12000,18323,0,1,2016,1,0,57.7,1.0,0
1624,16000,100,1,1,2020,1,145,58.9,1.0,0
1625,17500,500,1,0,2020,1,145,53.3,1.0,0
1626,8500,22119,1,1,2016,1,0,65.7,1.0,0
1627,10250,22600,1,1,2018,1,145,65.7,1.0,0
1628,10250,23022,1,1,2018,1,145,65.7,1.0,0
1629,8250,30952,1,1,2016,1,0,65.7,1.0,2
1630,4995,45000,1,1,2011,1,115,50.4,1.2,2
1631,11000,13903,1,1,2017,0,0,78.5,1.5,0
1632,1695,139600,1,2,2009,1,145,48.7,1.6,1
1633,11000,29812,1,1,2016,1,0,65.7,1.0,2
1634,5995,91000,1,2,2015,0,20,67.3,1.6,1
1635,7495,78000,1,2,2017,0,0,74.3,1.5,1
1636,9595,40000,1,2,2016,0,0,74.3,1.5,2
1637,3495,75000,1,2,2009,1,200,42.2,1.6,1
1638,11250,41495,1,2,2017,0,145,74.3,1.5,2
1639,17650,768,1,2,2019,1,145,60.1,1.0,0
1640,18000,9500,1,2,2019,1,145,46.3,1.5,0
1641,6495,36000,1,1,2012,1,145,48.7,1.4,2
1642,10600,14861,1,1,2018,0,145,88.3,1.5,0
1643,11000,34922,1,1,2014,1,145,47.9,1.6,2
1644,2695,78500,1,1,2008,1,145,47.1,1.2,1
1645,3995,63400,1,1,2009,1,145,49.6,1.4,3
1646,6395,42000,1,1,2015,1,30,54.3,1.2,2
1647,2395,63100,1,1,2006,1,160,47.1,1.2,3
1648,1695,89630,1,2,2003,1,200,40.9,1.6,1
1649,4295,86440,1,1,2011,1,145,48.7,1.4,1
1650,2795,63000,1,1,2007,1,145,47.1,1.2,3
1651,2295,88936,1,1,2004,1,200,44.1,1.4,1
1652,5795,79094,1,2,2012,1,145,47.9,1.6,1
1653,2295,87530,1,2,2005,1,235,39.8,2.0,1
1654,3795,89520,1,2,2010,1,200,42.2,1.6,1
1655,2695,77570,1,1,2008,1,145,47.1,1.2,1
1656,2895,91000,1,2,2008,1,195,42.1,1.6,1
1657,2395,73370,1,1,2006,1,160,47.1,1.2,3
1658,4295,86451,1,1,2011,1,145,48.7,1.4,1
1659,2695,61000,1,2,2007,1,200,40.4,1.6,3
1660,18949,6,0,1,2019,1,150,48.7,1.0,0
1661,9450,22000,1,1,2017,1,150,65.7,1.0,0
1662,13651,8598,0,2,2016,1,150,46.3,1.5,0
1663,9552,32963,1,2,2016,0,0,74.3,1.5,2
1664,10811,23881,1,2,2017,1,20,60.1,1.0,0
1665,5750,35000,1,2,2011,1,140,47.1,1.6,2
1666,10837,10113,0,0,2017,1,160,44.8,1.5,0
1667,19337,675,0,2,2019,1,145,42.8,1.0,0
1668,12282,6654,1,1,2018,1,145,58.9,1.0,0
1669,9950,36590,1,2,2017,1,20,61.4,1.0,2
1670,8950,19910,1,1,2017,1,125,54.3,1.2,0
1671,8137,28903,1,1,2017,1,150,65.7,1.0,2
1672,7695,36440,1,1,2017,0,0,78.5,1.5,2
1673,5500,75170,1,2,2014,1,30,56.5,1.0,1
1674,18495,1350,1,0,2019,1,145,51.4,1.0,0
1675,12099,1598,1,1,2019,1,145,58.9,1.0,0
1676,12096,17,1,1,2019,1,145,58.9,1.0,0
1677,12096,791,1,1,2019,1,145,58.9,1.0,0
1678,10103,14415,1,1,2017,1,145,65.7,1.0,0
1679,18495,25,0,0,2019,1,145,45.6,1.0,0
1680,18495,8,0,0,2019,1,145,45.6,1.0,0
1681,17994,2657,1,0,2019,1,145,51.4,1.0,0
1682,20993,1813,1,2,2019,1,145,49.6,1.0,0
1683,8990,19000,1,2,2017,1,20,61.4,1.0,0
1684,14175,13,1,1,2019,1,145,56.5,1.0,0
1685,10892,16301,1,1,2017,1,145,62.8,1.0,0
1686,6995,80208,0,2,2015,1,160,44.8,1.6,1
1687,9675,33173,1,2,2017,1,20,61.4,1.0,2
1688,9275,13085,1,1,2017,0,0,78.5,1.5,0
1689,7495,51000,1,2,2013,0,20,67.3,1.6,3
1690,6995,36000,1,2,2012,1,145,47.9,1.6,2
1691,5995,45000,1,1,2012,1,125,50.4,1.2,2
1692,10290,7824,1,1,2017,1,145,65.7,1.0,0
1693,7290,54277,1,1,2016,1,0,65.7,1.0,3
1694,7490,39404,2,1,2014,1,150,47.9,1.6,2
1695,6795,65290,1,1,2017,0,0,88.3,1.5,3
1696,12990,20000,1,2,2018,1,145,58.9,1.0,0
1697,6698,38192,1,1,2014,1,0,65.7,1.0,2
1698,7298,32688,1,1,2016,0,0,76.4,1.5,2
1699,7698,19799,1,1,2016,1,125,54.3,1.2,0
1700,5998,54000,1,1,2015,0,0,76.4,1.5,3
1701,3895,90000,1,2,2009,0,145,54.2,1.8,1
1702,2895,50000,1,1,2007,1,160,45.6,1.4,2
1703,2695,104000,1,2,2009,0,205,47.9,2.0,1
1704,5498,23000,1,1,2013,1,30,54.3,1.2,0
1705,11250,37289,0,1,2018,1,145,54.3,1.0,2
1706,3695,45962,1,1,2009,1,145,49.6,1.2,2
1707,12495,37000,1,2,2013,1,230,39.2,2.0,2
1708,7780,29328,1,1,2017,1,150,65.7,1.0,2
1709,18000,5000,0,2,2019,1,150,39.8,1.5,0
1710,5295,64572,1,2,2010,1,265,37.7,1.0,3
1711,8790,17400,1,1,2016,1,0,65.7,1.0,0
1712,9290,35000,1,0,2017,0,30,64.2,1.5,2
1713,5290,53000,0,1,2009,1,200,43.4,1.4,3
1714,2250,100000,1,1,2009,0,20,67.3,1.6,1
1715,13421,10000,1,1,2019,1,145,58.9,1.0,0
1716,2350,59500,1,1,2008,1,145,47.1,1.2,3
1717,4995,81000,1,2,2012,1,145,47.9,1.6,1
1718,8995,35000,1,1,2017,1,145,65.7,1.0,2
1719,11500,6273,0,1,2017,1,0,57.7,1.0,0
1720,10000,21780,1,1,2016,1,0,65.7,1.0,0
1721,14350,22862,1,0,2018,1,150,54.3,1.0,0
1722,8450,56022,1,2,2016,0,0,74.3,1.5,3
1723,8750,58665,1,2,2016,0,0,74.3,1.5,3
1724,13650,12561,1,1,2017,1,145,47.9,1.6,0
1725,8500,10745,1,1,2017,1,145,54.3,1.2,0
1726,7500,43573,1,1,2016,1,0,65.7,1.0,2
1727,9250,12072,1,1,2018,1,145,64.2,1.1,0
1728,21500,44482,1,2,2009,1,330,30.1,2.5,2
1729,7900,27786,1,1,2016,1,125,54.3,1.2,2
1730,11400,19344,1,1,2014,1,150,47.9,1.6,0
1731,495,177644,1,2,2003,1,200,41.5,1.6,1
1732,17000,2770,0,0,2018,1,150,48.7,1.0,0
1733,9000,11371,1,1,2018,1,150,64.2,1.1,0
1734,8000,14100,1,1,2015,1,0,65.7,1.0,0
1735,8950,26000,1,1,2017,1,0,65.7,1.0,2
1736,12950,27000,1,1,2017,1,150,47.9,1.6,2
1737,9450,10000,1,1,2018,1,150,64.2,1.1,0
1738,8900,46134,1,2,2017,1,145,60.1,1.0,2
1739,14400,27505,1,2,2016,0,20,67.3,2.0,2
1740,13450,15267,0,2,2018,0,145,64.2,2.0,0
1741,9500,32222,1,0,2017,0,30,64.2,1.5,2
1742,12999,15974,1,1,2017,1,145,47.9,1.6,0
1743,10300,15191,1,0,2017,0,30,64.2,1.5,0
1744,9000,22753,1,1,2017,1,150,64.2,1.1,0
1745,11200,20471,1,1,2018,1,150,65.7,1.0,0
1746,8150,36571,1,1,2014,1,0,65.7,1.0,2
1747,10000,30208,1,2,2016,1,20,60.1,1.0,2
1748,8000,9349,1,1,2016,1,125,54.3,1.2,0
1749,7000,56669,1,1,2014,1,0,65.7,1.0,3
1750,14750,6551,1,0,2018,1,145,54.3,1.0,0
1751,12995,33000,1,2,2015,0,20,67.3,2.0,2
1752,18000,18805,1,2,2017,1,150,41.5,2.0,0
1753,6400,74047,1,1,2014,1,20,62.8,1.0,1
1754,9700,29266,1,2,2017,1,145,60.1,1.0,2
1755,9500,32245,1,2,2015,1,20,60.1,1.0,2
1756,6500,57029,1,2,2013,1,30,56.5,1.0,3
1757,11500,12901,1,1,2017,1,150,65.7,1.0,0
1758,10750,25519,1,2,2017,0,145,74.3,1.5,2
1759,17500,7410,1,1,2019,1,150,40.3,1.5,0
1760,15750,12036,0,1,2018,1,150,48.7,1.0,0
1761,11500,735,1,1,2019,1,145,48.7,1.1,0
1762,13000,1334,1,1,2019,1,145,48.7,1.1,0
1763,9995,24664,1,2,2016,1,20,61.4,1.0,2
1764,5495,58400,1,1,2012,1,150,48.7,1.0,3
1765,13995,7452,1,1,2018,1,150,65.7,1.0,0
1766,4995,70000,1,2,2011,1,145,47.9,1.6,3
1767,10495,16000,1,0,2016,1,125,52.3,1.0,0
1768,9990,23700,0,2,2016,1,165,44.8,1.6,0
1769,11995,6654,1,2,2017,1,150,60.1,1.0,0
1770,13495,11139,1,2,2018,1,150,57.7,1.0,0
1771,7995,39094,1,2,2016,1,20,61.4,1.0,2
1772,12750,7269,1,1,2019,1,145,58.9,1.0,0
1773,2650,73206,1,1,2008,1,150,47.1,1.2,3
1774,5725,75100,1,1,2013,1,0,65.7,1.0,1
1775,5175,70000,1,2,2012,1,20,58.9,1.0,3
1776,4250,68000,1,1,2012,1,125,50.4,1.2,3
1777,11495,21000,0,2,2017,1,150,51.4,1.0,0
1778,15495,11041,1,2,2018,1,150,60.1,1.0,0
1779,15495,10561,1,2,2018,1,150,60.1,1.0,0
1780,8495,36346,1,1,2016,1,0,65.7,1.0,2
1781,8495,41966,1,1,2016,1,20,62.8,1.0,2
1782,8750,25624,0,1,2014,1,0,57.7,1.0,2
1783,12249,34812,0,1,2018,1,145,54.3,1.0,2
1784,10295,9600,1,1,2017,1,0,65.7,1.0,0
1785,12249,2131,1,1,2019,1,145,55.4,1.1,0
1786,5995,49971,1,1,2011,1,125,50.4,1.2,2
1787,10250,29320,0,2,2016,1,125,51.4,1.0,2
1788,9250,24614,1,2,2015,1,20,61.4,1.0,2
1789,5500,41698,1,1,2012,1,125,50.4,1.2,2
1790,11295,12674,0,1,2017,1,0,57.7,1.0,0
1791,16495,2210,0,1,2018,1,145,48.7,1.0,0
1792,18994,7,0,0,2019,1,145,45.6,1.0,0
1793,16899,11997,0,2,2019,1,145,74.3,1.5,0
1794,11295,10365,1,1,2018,1,145,58.9,1.0,0
1795,11494,32486,0,1,2018,1,145,54.3,1.0,2
1796,7785,7000,0,1,2013,1,145,47.9,1.6,0
1797,7195,70000,1,2,2015,0,0,74.3,1.5,3
1798,17494,5000,1,0,2019,1,145,51.4,1.0,0
1799,15395,18500,1,2,2018,1,145,60.1,1.0,0
1800,15695,3490,1,0,2019,1,145,53.3,1.0,0
1801,9000,34723,1,0,2017,1,125,53.3,1.0,2
1802,9295,14824,1,1,2017,1,0,65.7,1.0,0
1803,8895,33707,1,1,2017,1,0,65.7,1.0,2
1804,9295,10092,1,1,2016,1,0,65.7,1.0,0
1805,6999,38855,1,1,2015,1,125,54.3,1.2,2
1806,8999,39000,1,2,2016,0,0,74.3,1.5,2
1807,8999,55600,1,1,2016,1,0,65.7,1.0,3
1808,9999,26250,1,1,2017,1,150,65.7,1.0,2
1809,18999,20300,1,2,2018,1,150,41.5,2.0,0
1810,5999,62300,1,1,2012,1,0,65.7,1.0,3
1811,10999,16300,1,1,2017,1,150,65.7,1.0,0
1812,12995,2135,1,0,2018,1,145,54.3,1.0,0
1813,5295,54138,1,1,2013,1,30,54.3,1.2,3
1814,7795,22789,1,2,2012,1,30,55.4,1.0,0
1815,8495,18358,1,1,2014,1,0,65.7,1.0,0
1816,12295,16136,1,2,2018,1,145,60.1,1.0,0
1817,10495,31597,0,1,2017,1,0,57.7,1.0,2
1818,12295,15893,1,2,2018,1,145,60.1,1.0,0
1819,12295,25090,0,1,2018,1,150,54.3,1.0,2
1820,5795,69163,1,1,2013,1,0,65.7,1.0,3
1821,9995,8067,1,1,2016,1,20,62.8,1.0,0
1822,4795,54869,1,1,2010,1,150,48.7,1.6,3
1823,11495,58655,1,2,2015,0,20,67.3,2.0,3
1824,10995,34646,0,2,2016,1,150,46.3,1.5,2
1825,2998,94000,1,1,2010,1,125,50.4,1.2,1
1826,8795,8719,1,1,2017,1,125,54.3,1.2,0
1827,11295,9132,1,1,2018,1,145,58.9,1.0,0
1828,9695,25146,1,1,2016,1,0,65.7,1.0,2
1829,12145,2125,1,1,2018,1,145,58.9,1.0,0
1830,15295,14034,1,2,2018,1,145,58.9,1.0,0
1831,7000,47781,1,2,2013,1,30,56.5,1.0,2
1832,17295,431,0,1,2018,1,145,48.7,1.0,0
1833,14295,36970,1,2,2017,1,200,41.5,2.0,2
1834,1885,98213,1,2,2005,1,200,42.1,1.6,1
1835,3485,90000,1,2,2010,0,30,62.8,1.6,1
1836,3485,85049,1,2,2009,1,205,42.2,1.6,1
1837,4985,70000,0,1,2010,1,205,42.8,1.4,3
1838,15495,14298,1,2,2018,1,145,58.9,1.0,0
1839,14450,20850,0,2,2019,1,145,50.4,1.0,0
1840,3690,80000,1,2,2009,0,150,54.3,1.8,1
1841,6490,48000,1,2,2012,1,30,56.5,1.0,2
1842,6995,35000,1,2,2013,1,20,58.9,1.0,2
1843,6995,39000,0,1,2013,1,145,47.9,1.6,2
1844,5495,59000,0,1,2010,1,200,43.4,1.4,3
1845,7995,31000,1,1,2016,1,0,65.7,1.0,2
1846,1995,43000,1,1,2000,1,160,41.5,1.3,2
1847,7500,30762,1,1,2016,1,0,65.7,1.0,2
1848,4150,73790,1,1,2011,1,125,50.4,1.2,3
1849,4490,70000,1,1,2011,0,20,68.9,1.4,3
1850,4690,79000,1,2,2010,0,30,62.8,1.6,1
1851,6750,70000,1,2,2013,0,125,56.5,2.0,3
1852,11750,8538,1,1,2018,1,150,64.2,1.0,0
1853,10895,32074,0,1,2018,1,145,54.3,1.0,2
1854,10495,31658,1,1,2018,1,145,65.7,1.0,2
1855,9100,29396,1,1,2017,1,145,65.7,1.0,2
1856,12695,3937,1,2,2017,1,20,60.1,1.0,0
1857,19000,25,1,0,2020,1,150,51.4,1.0,0
1858,12695,13305,0,1,2017,1,145,54.3,1.0,0
1859,11495,25670,0,1,2018,1,150,54.3,1.0,2
1860,2950,70000,1,1,2010,0,20,67.3,1.4,3
1861,3495,102000,1,2,2011,0,30,62.8,1.6,1
1862,12250,17133,0,1,2017,1,145,54.3,1.0,0
1863,9695,16110,1,1,2018,1,145,55.4,1.1,0
1864,11000,23500,1,2,2017,1,150,60.1,1.0,0
1865,13500,11382,1,2,2018,1,145,57.7,1.0,0
1866,9495,30600,0,1,2017,1,0,57.7,1.0,2
1867,9999,34300,1,1,2016,1,0,65.7,1.0,2
1868,8499,47000,1,1,2017,1,150,54.3,1.2,2
1869,6999,50000,1,1,2014,1,0,65.7,1.0,2
1870,7499,35000,1,1,2016,0,0,78.5,1.5,2
1871,19000,16000,1,2,2018,1,150,41.5,2.0,0
1872,8990,25655,1,1,2017,1,150,65.7,1.0,2
1873,5395,44000,1,1,2011,1,125,50.4,1.2,2
1874,7390,17014,1,1,2014,1,0,65.7,1.0,0
1875,5490,68274,1,2,2011,1,145,47.9,1.6,3
1876,6995,32000,1,1,2016,1,20,62.8,1.0,2
1877,6995,33000,1,1,2016,1,20,62.8,1.0,2
1878,7495,24000,1,1,2015,1,145,47.9,1.6,2
1879,9995,51000,1,2,2017,0,150,74.3,1.5,2
1880,8995,22000,1,1,2017,1,145,47.9,1.6,0
1881,10490,37000,1,2,2017,0,150,74.3,1.5,2
1882,8490,55000,1,1,2014,1,150,47.9,1.6,3
1883,6495,52871,1,2,2014,1,20,58.9,1.0,3
1884,2750,98000,1,1,2009,1,145,49.6,1.2,1
1885,2175,95000,1,1,2008,1,160,45.6,1.4,1
1886,2250,61000,1,1,2008,1,145,47.1,1.2,3
1887,1999,90000,1,1,2008,1,160,45.6,1.4,1
1888,2275,45000,1,1,2006,1,165,47.1,1.2,2
1889,1799,103000,1,1,2008,1,150,47.1,1.2,1
1890,2499,83000,0,1,2008,1,265,38.2,1.6,1
1891,2375,89000,1,2,2008,1,205,42.2,1.6,1
1892,7695,29000,1,1,2015,0,0,78.5,1.6,2
1893,11900,22422,0,1,2017,1,145,54.3,1.0,0
1894,14995,15000,0,1,2018,1,145,48.7,1.0,0
1895,5995,22000,1,1,2016,1,125,54.3,1.2,0
1896,7438,42701,1,1,2016,1,125,54.3,1.2,2
1897,11890,12490,0,1,2017,1,145,54.3,1.0,0
1898,5490,93591,1,2,2012,0,125,56.5,2.0,1
1899,6990,23356,1,1,2014,1,0,65.7,1.0,0
1900,4995,44000,1,1,2014,1,0,65.7,1.0,2
1901,5995,89000,0,2,2014,0,145,53.3,2.0,1
1902,6995,17000,1,1,2017,0,145,85.6,1.5,0
1903,7995,51000,1,2,2015,1,20,60.1,1.0,3
1904,9995,48000,1,2,2016,0,0,74.3,1.5,2
1905,5495,77000,1,2,2011,1,145,47.9,1.6,1
1906,9995,22000,1,2,2015,1,20,60.1,1.0,0
1907,2725,95000,1,2,2010,1,200,42.2,1.6,1
1908,2645,105000,1,2,2010,1,200,42.2,1.6,1
1909,3350,52000,1,2,2009,1,200,42.2,1.6,2
1910,999,111000,1,1,2004,1,160,45.6,1.2,1
1911,1999,109000,1,2,2009,1,235,40.4,1.8,1
1912,7495,41000,1,1,2014,1,20,62.8,1.0,2
1913,12000,2317,1,1,2019,1,145,48.7,1.1,0
1914,12000,5517,1,1,2019,1,145,48.7,1.1,0
1915,10500,32176,1,0,2017,1,145,53.3,1.0,2
1916,14500,7692,1,0,2018,0,150,67.3,1.5,0
1917,11000,17311,1,1,2018,1,150,65.7,1.0,0
1918,1449,101000,1,2,2005,1,200,42.1,1.6,1
1919,22000,4855,0,2,2019,0,145,64.2,2.0,0
1920,16000,3571,1,1,2019,1,145,60.1,1.0,0
1921,7000,49142,1,1,2015,1,125,54.3,1.2,2
1922,8500,30114,1,1,2017,1,150,64.2,1.1,2
1923,11000,48961,1,2,2018,1,150,57.7,1.0,2
1924,9500,37463,1,1,2017,1,150,65.7,1.0,2
1925,10000,11964,1,1,2016,1,0,65.7,1.0,0
1926,16000,5367,0,2,2019,1,150,50.4,1.0,0
1927,10000,19785,1,2,2016,1,20,60.1,1.0,0
1928,9600,34506,1,1,2018,1,145,65.7,1.0,2
1929,10000,31119,1,1,2017,1,150,65.7,1.0,2
1930,9500,31467,1,1,2017,1,0,65.7,1.0,2
1931,8000,24408,1,1,2016,1,0,65.7,1.0,2
1932,9000,49015,1,1,2018,1,145,65.7,1.0,2
1933,10300,22999,1,0,2017,1,145,52.3,1.0,0
1934,1695,103000,1,1,2007,1,165,45.6,1.4,1
1935,14500,22587,0,2,2018,1,145,51.4,1.0,0
1936,3500,85000,1,1,2012,0,20,68.9,1.4,1
1937,5500,34000,1,1,2015,1,125,54.3,1.2,2
1938,5000,76000,1,2,2012,1,30,56.5,1.0,1
1939,14000,13,1,1,2020,1,150,55.4,1.0,0
1940,14000,9,1,1,2020,1,150,55.4,1.0,0
1941,14000,10,1,1,2020,1,150,55.4,1.0,0
1942,2595,80000,1,1,2009,1,125,52.3,1.2,1
1943,7000,47000,0,1,2014,1,150,47.9,1.6,2
1944,8995,30000,1,0,2017,0,30,64.2,1.5,2
1945,7495,28315,1,1,2016,1,0,65.7,1.0,2
1946,10995,36000,1,1,2018,1,150,65.7,1.0,2
1947,6995,21000,1,1,2017,1,125,54.3,1.2,0
1948,4195,62506,0,2,2011,1,260,36.7,1.6,3
1949,6494,53844,1,2,2015,1,20,60.1,1.0,3
1950,6495,53844,1,2,2015,1,20,60.1,1.0,3
1951,9750,15354,1,2,2017,1,20,61.4,1.0,0
1952,795,71214,1,2,2005,1,200,42.1,1.6,3
1953,3895,60190,0,2,2009,1,265,37.7,1.6,3
1954,4490,89000,1,2,2011,1,150,47.9,1.6,1
1955,10640,30000,1,1,2018,1,145,57.7,1.0,2
1956,1450,100100,1,2,2007,1,200,42.8,1.6,1
1957,5400,56000,1,2,2012,1,30,56.5,1.0,3
1958,2900,75800,0,2,2008,1,260,37.7,1.6,1
1959,3200,68700,1,1,2010,0,20,67.3,1.4,3
1960,10000,14790,1,2,2017,1,20,61.4,1.0,0
1961,10600,10021,1,2,2017,1,20,61.4,1.0,0
1962,12400,20396,1,1,2018,1,145,65.7,1.0,0
1963,9700,10190,1,2,2017,1,20,61.4,1.0,0
1964,8200,47021,0,2,2016,1,125,51.4,1.0,2
1965,12300,31372,0,1,2018,1,145,54.3,1.0,2
1966,11400,27839,0,1,2018,1,145,54.3,1.0,2
1967,10500,36238,1,1,2018,1,145,65.7,1.0,2
1968,10000,3840,0,1,2016,1,0,57.7,1.0,0
1969,4170,115000,1,2,2012,0,20,67.3,1.6,1
1970,10800,38035,0,1,2018,1,145,54.3,1.0,2
1971,11070,32790,0,1,2018,1,145,54.3,1.0,2
1972,6250,20930,1,1,2013,1,30,54.3,1.2,0
1973,8200,15231,1,1,2017,0,0,78.5,1.5,0
1974,13000,11913,1,2,2018,1,145,58.9,1.0,0
1975,9000,17988,1,1,2017,1,0,65.7,1.0,0
1976,10500,30628,0,1,2018,1,150,54.3,1.0,2
1977,9900,35500,1,2,2017,0,0,74.3,1.5,2
1978,10200,66486,1,2,2015,0,20,67.3,2.0,3
1979,10500,31481,1,2,2016,0,0,74.3,1.5,2
1980,6295,77000,1,2,2015,0,0,74.3,1.5,1
1981,2690,109000,1,1,2010,0,0,76.3,1.6,1
1982,4690,63000,1,1,2015,1,30,54.3,1.2,3
1983,10500,29740,1,1,2018,1,145,65.7,1.0,2
1984,10500,33760,1,1,2018,1,145,65.7,1.0,2
1985,9000,31640,1,1,2017,0,265,78.5,1.5,2
1986,7300,48118,1,1,2016,1,0,65.7,1.0,2
1987,7000,78533,1,2,2015,0,0,74.3,1.5,1
1988,2400,92000,1,2,2009,1,200,42.2,1.6,1
1989,11400,26656,1,2,2018,1,145,57.7,1.0,2
1990,13000,23670,0,2,2017,1,145,46.3,1.5,0
1991,8700,29308,1,1,2018,1,150,65.7,1.0,2
1992,8900,53503,1,1,2018,1,150,65.7,1.0,3
1993,9500,8770,1,1,2017,1,150,65.7,1.0,0
1994,7700,55952,1,2,2015,0,0,74.3,1.5,3
1995,9800,40166,1,2,2017,1,20,58.9,1.0,2
1996,6800,35416,1,1,2015,1,125,54.3,1.2,2
1997,11500,27348,0,2,2017,1,145,46.3,1.5,2
1998,8700,27725,1,1,2017,1,0,65.7,1.0,2
1999,9500,29063,1,1,2014,1,150,47.9,1.6,2
2000,8500,47311,1,1,2017,1,150,65.7,1.0,2
2001,9100,55717,1,1,2018,0,145,88.3,1.5,3
2002,9500,30292,0,2,2015,1,165,44.8,1.6,2
2003,10500,30012,0,1,2018,1,150,54.3,1.0,2
2004,9800,24500,1,2,2017,1,20,60.1,1.0,2
2005,11250,23156,0,2,2017,1,150,51.4,1.0,0
2006,9600,41947,1,2,2017,0,150,74.3,1.5,2
2007,10500,30721,0,1,2018,1,150,54.3,1.0,2
2008,10500,9960,1,0,2017,0,150,64.2,1.5,0
2009,11500,22200,0,1,2017,1,150,54.3,1.0,0
2010,2499,115000,1,2,2008,1,235,39.8,2.0,1
2011,6288,46000,1,2,2011,1,145,47.9,1.6,2
2012,8499,29000,1,1,2016,1,125,54.3,1.2,2
2013,11599,19000,1,0,2018,1,150,54.3,1.0,0
2014,7688,28000,1,1,2015,1,0,65.7,1.0,2
2015,5988,53000,1,1,2013,1,0,65.7,1.0,3
2016,10800,22988,1,2,2017,1,20,60.1,1.0,0
2017,9200,45397,0,0,2016,1,165,44.8,1.5,2
2018,14250,40696,1,2,2016,0,20,67.3,2.0,2
2019,9100,10915,1,0,2017,1,125,52.3,1.0,0
2020,8800,20221,1,1,2017,1,0,65.7,1.0,0
2021,8000,32402,1,1,2018,1,145,64.2,1.1,2
2022,9750,39426,1,1,2017,1,20,62.8,1.0,2
2023,6300,29423,1,1,2015,1,125,54.3,1.2,2
2024,9800,22411,1,0,2017,0,145,64.2,1.5,0
2025,9800,20936,1,0,2017,1,145,53.3,1.0,0
2026,10900,23138,1,1,2016,1,145,47.9,1.6,0
2027,11000,20277,1,1,2019,1,150,56.5,1.0,0
2028,13500,27916,1,2,2019,0,150,80.7,1.5,2
2029,13000,34466,1,2,2019,0,150,80.7,1.5,2
2030,10750,26401,1,1,2019,1,150,56.5,1.0,2
2031,10750,26872,1,1,2019,1,150,56.5,1.0,2
2032,9850,45275,1,1,2019,1,150,56.5,1.0,2
2033,11000,19153,1,1,2019,1,150,56.5,1.0,0
2034,11000,16552,1,1,2018,0,150,58.9,1.5,0
2035,6000,42066,1,1,2014,1,30,54.3,1.2,2
2036,8300,28747,1,1,2017,1,0,65.7,1.0,2
2037,9300,43826,1,1,2018,0,145,58.9,1.5,2
2038,12300,29568,1,2,2018,0,145,80.7,1.5,2
2039,8000,51378,1,2,2017,1,145,60.1,1.0,3
2040,8200,29887,1,1,2017,0,0,78.5,1.5,2
2041,7900,58898,1,2,2016,0,0,74.3,1.5,3
2042,8700,23246,1,1,2016,0,0,78.5,1.5,2
2043,7500,42112,1,2,2015,1,20,61.4,1.0,2
2044,9600,22935,1,1,2017,1,145,62.8,1.0,0
2045,9800,26141,1,1,2017,1,20,62.8,1.0,2
2046,8500,26360,1,1,2017,0,0,88.3,1.5,2
2047,8400,60025,1,1,2018,1,145,65.7,1.0,3
2048,7200,33625,1,1,2016,0,0,78.5,1.5,2
2049,17495,5300,0,2,2018,0,150,67.3,1.5,0
2050,7000,27500,1,1,2014,1,30,54.3,1.2,2
2051,8200,20636,1,1,2017,1,0,65.7,1.0,0
2052,8400,26645,1,1,2017,1,0,65.7,1.0,2
2053,8400,25693,1,1,2017,1,145,65.7,1.0,2
2054,9000,22903,1,1,2017,1,0,65.7,1.0,0
2055,8200,30372,1,1,2017,1,0,65.7,1.0,2
2056,8300,27188,1,1,2017,1,0,65.7,1.0,2
2057,8500,23693,1,1,2017,1,145,65.7,1.0,2
2058,9950,17502,1,1,2017,1,150,65.7,1.0,0
2059,9900,31821,0,2,2017,1,125,51.4,1.0,2
2060,11500,18413,1,2,2017,1,150,60.1,1.0,0
2061,8100,31277,1,1,2017,1,0,65.7,1.0,2
2062,8700,35361,1,1,2018,1,145,64.2,1.1,2
2063,12495,4000,0,2,2017,1,160,44.8,1.6,0
2064,6995,21793,1,1,2014,1,0,65.7,1.0,0
2065,9995,4000,0,1,2015,1,145,47.9,1.6,0
2066,15495,3000,0,1,2020,1,145,48.7,1.0,0
2067,11995,7000,1,1,2018,1,145,65.7,1.0,0
2068,13495,3000,0,2,2017,1,145,51.4,1.0,0
2069,9600,16875,1,1,2018,1,145,65.7,1.0,0
2070,8800,18330,1,1,2017,1,145,65.7,1.0,0
2071,8600,25919,1,1,2017,1,0,65.7,1.0,2
2072,11900,30898,1,2,2016,0,20,67.3,2.0,2
2073,7000,33533,1,1,2013,1,0,65.7,1.0,2
2074,7900,61111,1,2,2016,0,0,74.3,1.5,3
2075,9300,56539,0,2,2017,0,145,74.3,1.5,3
2076,8300,27363,1,1,2017,1,0,65.7,1.0,2
2077,11995,13000,0,2,2016,0,20,67.3,1.5,0
2078,16495,1000,0,1,2019,1,145,48.7,1.0,0
2079,9900,21492,1,2,2017,1,20,61.4,1.0,0
2080,9500,15344,1,2,2017,1,20,61.4,1.0,0
2081,12300,13255,1,2,2018,1,145,57.7,1.0,0
2082,9600,50689,1,2,2017,0,0,74.3,1.5,2
2083,7999,36384,1,0,2015,1,125,53.3,1.0,2
2084,9999,18956,1,1,2017,1,150,65.7,1.0,0
2085,9400,25998,1,2,2016,1,20,61.4,1.0,2
2086,8700,37897,1,1,2018,1,145,64.2,1.1,2
2087,8700,37345,1,1,2018,1,145,64.2,1.1,2
2088,7500,13928,1,1,2016,1,125,54.3,1.2,0
2089,9800,33629,1,2,2017,0,145,74.3,1.5,2
2090,10995,3000,0,1,2016,1,145,47.9,1.6,0
2091,19995,500,0,2,2020,1,150,50.4,1.0,0
2092,13495,11600,0,2,2015,1,150,46.3,1.5,0
2093,14995,1000,0,0,2018,1,145,48.7,1.0,0
2094,18995,1400,0,0,2019,1,150,44.1,1.0,0
2095,9995,7800,0,1,2015,1,150,47.9,1.6,0
2096,9000,25915,1,1,2016,1,20,62.8,1.0,2
2097,8000,43526,1,2,2016,0,0,74.3,1.5,2
2098,7300,31626,1,1,2015,1,0,65.7,1.0,2
2099,9300,43331,1,1,2018,0,145,58.9,1.5,2
2100,8800,18481,1,1,2017,1,0,65.7,1.0,0
2101,10600,25151,1,2,2018,1,145,57.7,1.0,2
2102,12700,12038,1,1,2018,1,145,65.7,1.0,0
2103,10300,45773,1,2,2018,1,145,57.7,1.0,2
2104,10000,24026,1,0,2017,1,125,52.3,1.0,0
2105,10000,20911,1,1,2017,1,150,65.7,1.0,0
2106,6950,44545,1,1,2016,1,125,54.3,1.2,2
2107,10500,26000,0,2,2016,0,30,64.2,2.0,2
2108,2950,68500,1,2,2009,1,205,42.2,1.6,3
2109,8500,20844,1,1,2016,1,0,65.7,1.0,0
2110,8500,36530,1,0,2016,0,30,64.2,1.5,2
2111,11600,26119,1,1,2018,1,150,62.8,1.0,2
2112,6975,79347,1,2,2015,0,0,67.3,1.5,1
2113,5925,46054,1,2,2011,1,145,47.9,1.6,2
2114,8100,37252,1,2,2015,0,20,67.3,1.6,2
2115,3800,67253,1,1,2009,1,145,49.6,1.2,3
2116,3784,48555,1,1,2009,1,125,51.4,1.2,2
2117,4045,63400,1,1,2009,1,145,49.6,1.2,3
2118,8950,46994,1,2,2017,1,20,61.4,1.0,2
2119,9200,46249,1,2,2017,1,145,61.4,1.0,2
2120,9313,42740,1,2,2016,1,20,60.1,1.0,2
2121,10000,19279,1,1,2018,1,145,65.7,1.0,0
2122,17945,8270,1,2,2018,1,145,41.5,2.0,0
2123,15980,8144,1,2,2017,1,145,41.5,2.0,0
2124,9690,21523,1,1,2017,1,0,65.7,1.0,0
2125,17195,3097,1,0,2019,1,145,51.4,1.0,0
2126,6695,65000,1,2,2014,0,20,67.3,1.6,3
2127,3295,80000,1,2,2009,1,235,40.4,1.8,1
2128,13995,4000,0,0,2018,1,145,45.6,1.0,0
2129,12995,2000,0,2,2017,1,145,51.4,1.0,0
2130,8800,22837,1,0,2015,1,160,44.8,1.5,0
2131,8800,20044,1,1,2016,1,0,65.7,1.0,0
2132,9471,15984,1,1,2017,1,0,65.7,1.0,0
2133,8988,22029,1,1,2017,1,0,65.7,1.0,0
2134,10499,22740,1,0,2017,1,125,52.3,1.0,0
2135,14999,2587,0,0,2019,1,145,45.6,1.0,0
2136,7755,31700,1,0,2014,0,30,61.4,1.5,2
2137,9000,27183,1,0,2015,1,125,53.3,1.0,2
2138,9800,33567,1,0,2017,1,125,53.3,1.0,2
2139,9500,14879,1,1,2016,1,0,65.7,1.0,0
2140,9500,12801,1,1,2017,1,0,65.7,1.0,0
2141,9000,22331,1,2,2015,1,20,61.4,1.0,0
2142,11000,14386,1,0,2017,1,145,52.3,1.0,0
2143,11000,11809,0,0,2017,1,160,44.8,1.5,0
2144,6495,54807,0,1,2060,1,205,42.8,1.4,3
2145,12500,20668,1,2,2017,1,20,61.4,1.0,0
2146,12000,15238,0,2,2017,1,125,51.4,1.0,0
2147,5995,55000,0,1,2010,1,195,42.8,1.4,3
2148,7695,75000,1,2,2015,0,20,67.3,1.6,1
2149,7695,67000,1,2,2015,0,20,67.3,1.6,3
2150,4495,87577,1,2,2011,1,145,47.9,1.6,1
2151,2500,98500,1,2,2008,1,200,42.2,1.6,1
2152,2495,78580,1,2,2007,1,200,42.2,1.4,1
2153,12995,17161,1,2,2018,1,145,57.7,1.0,0
2154,7495,26417,1,1,2015,1,0,65.7,1.0,2
2155,7695,30889,0,1,2013,1,150,47.9,1.6,2
2156,8495,25000,1,1,2015,1,0,65.7,1.0,2
2157,16995,4777,1,2,2019,1,145,60.1,1.0,0
2158,12495,21215,1,2,2018,1,145,57.7,1.0,0
2159,5995,36500,1,2,2014,0,20,67.3,1.6,2
2160,9429,19491,1,1,2017,1,0,65.7,1.0,0
2161,1495,105000,1,2,2006,0,125,58.9,1.6,1
2162,2100,79000,1,1,2007,1,160,41.5,1.2,1
2163,2495,70730,0,2,2006,1,260,36.7,1.6,3
2164,4195,91598,1,1,2012,1,125,48.7,1.4,1
2165,2495,87908,0,2,2005,1,265,36.7,1.6,1
2166,13500,7181,1,1,2018,1,145,65.7,1.0,0
2167,19500,3000,1,2,2019,0,145,74.3,1.5,0
2168,16950,1086,0,0,2019,1,145,44.1,1.0,0
2169,17499,1478,0,2,2019,1,145,50.4,1.0,0
2170,12999,7980,0,1,2018,1,150,54.3,1.0,0
2171,10995,16706,0,0,2017,1,150,44.8,1.5,0
2172,8499,20000,1,0,2015,1,165,44.8,1.5,0
2173,16499,8786,1,1,2020,1,150,60.1,1.0,0
2174,12000,7556,0,1,2017,1,0,57.7,1.0,0
2175,5500,64068,1,1,2012,1,150,48.7,1.4,3
2176,7500,53130,1,2,2015,1,20,61.4,1.0,3
2177,16250,1945,1,1,2019,1,145,58.9,1.0,0
2178,6000,58246,1,1,2013,1,30,54.3,1.2,3
2179,5500,64068,1,1,2012,0,125,51.4,1.4,3
2180,12000,4127,1,1,2018,1,150,55.4,1.1,0
2181,9000,24688,1,1,2017,1,150,54.3,1.2,2
2182,10500,19136,1,1,2017,1,0,65.7,1.0,0
2183,10500,3500,1,1,2017,1,145,64.2,1.1,0
2184,14500,3229,1,1,2019,1,145,58.9,1.0,0
2185,9000,29727,0,1,2016,1,145,47.9,1.6,2
2186,11750,32746,1,2,2017,0,145,74.3,1.5,2
2187,11000,10782,0,1,2017,1,0,57.7,1.0,0
2188,11500,6877,0,1,2017,1,0,57.7,1.0,0
2189,16500,756,1,1,2019,1,145,58.9,1.0,0
2190,14000,9137,0,2,2017,1,125,51.4,1.0,0
2191,11500,11949,0,1,2017,1,145,47.9,1.6,0
2192,12000,10310,0,1,2017,1,0,57.7,1.0,0
2193,11000,9066,1,1,2017,1,0,65.7,1.0,0
2194,17500,2020,0,1,2019,1,145,48.7,1.0,0
2195,4000,49500,1,1,2009,1,150,49.6,1.4,2
2196,10000,16749,1,1,2016,1,0,65.7,1.0,0
2197,9500,16565,1,1,2017,1,145,64.2,1.1,0
2198,11500,15417,1,1,2018,1,145,65.7,1.0,0
2199,12000,5925,1,1,2017,1,0,65.7,1.0,0
2200,16499,6070,0,0,2019,1,145,44.1,1.0,0
2201,14899,2832,1,2,2019,1,145,58.9,1.0,0
2202,11999,17560,1,1,2018,1,150,58.9,1.0,0
2203,17799,906,0,2,2019,1,150,50.4,1.0,0
2204,10250,14259,1,1,2018,1,150,64.2,1.1,0
2205,7500,67107,1,2,2015,0,0,74.3,1.5,3
2206,12500,7677,1,2,2018,1,150,60.1,1.0,0
2207,13750,1200,1,1,2020,1,145,56.5,1.0,0
2208,14500,1400,1,1,2020,1,145,58.9,1.0,0
2209,16500,1500,1,1,2020,1,145,58.9,1.0,0
2210,15000,424,1,1,2020,1,145,58.9,1.0,0
2211,14000,525,1,1,2020,1,145,58.9,1.0,0
2212,15000,250,1,1,2020,1,145,58.9,1.0,0
2213,6750,48000,1,2,2011,1,145,47.1,1.6,2
2214,8999,26245,1,1,2017,1,0,65.7,1.0,2
2215,16500,4591,1,2,2019,1,145,58.9,1.0,0
2216,16000,2498,1,0,2019,0,145,58.9,1.5,0
2217,11250,5,1,1,2018,1,145,65.7,1.0,0
2218,9999,14000,1,1,2016,1,0,65.7,1.0,0
2219,17500,25,1,1,2020,1,145,58.9,1.0,0
2220,8299,41000,1,2,2015,1,20,60.1,1.0,2
2221,9500,22141,1,0,2017,0,145,64.2,1.5,0
2222,8500,31413,1,1,2017,1,145,65.7,1.0,2
2223,9500,20000,1,1,2018,1,150,64.2,1.1,0
2224,14500,18500,1,2,2018,1,150,60.1,1.0,0
2225,16000,500,0,1,2020,1,145,48.7,1.0,0
2226,10999,12500,1,1,2018,1,145,65.7,1.0,0
2227,9995,32764,1,0,2017,0,30,64.2,1.5,2
2228,10000,11131,1,1,2018,1,145,55.4,1.1,0
2229,11000,23939,0,1,2017,1,145,54.3,1.0,0
2230,10900,19424,1,1,2017,1,145,65.7,1.0,0
2231,12500,3750,1,1,2019,1,145,55.4,1.1,0
2232,19000,15,0,0,2019,1,145,45.6,1.0,0
2233,15000,1985,1,1,2019,1,145,58.9,1.0,0
2234,6900,37000,1,1,2015,1,0,65.7,1.0,2
2235,14999,79,1,1,2020,1,145,56.5,1.0,0
2236,13999,6500,1,0,2018,1,150,52.3,1.0,0
2237,14299,12111,1,0,2018,1,150,51.4,1.0,0
2238,12299,29200,1,1,2018,1,150,65.7,1.0,2
2239,13499,12100,1,0,2018,1,150,54.3,1.0,0
2240,15999,2100,1,1,2020,1,150,58.9,1.0,0
2241,10850,12000,1,1,2018,1,145,65.7,1.0,0
2242,9999,32990,1,1,2017,1,145,65.7,1.0,2
2243,14799,11668,1,0,2018,1,150,54.3,1.0,0
2244,7699,37879,1,1,2017,1,125,54.3,1.2,2
2245,9999,22000,1,1,2018,1,150,65.7,1.0,0
2246,11999,30953,1,2,2018,1,145,50.4,1.5,2
2247,15999,9858,0,0,2019,1,145,45.6,1.0,0
2248,10499,19348,1,1,2017,1,145,65.7,1.0,0
2249,16499,4156,1,1,2019,1,145,58.9,1.0,0
2250,15299,68,1,1,2020,1,145,58.9,1.0,0
2251,16999,1963,1,1,2020,1,145,58.9,1.0,0
2252,24999,4900,1,2,2020,1,145,34.5,2.3,0
2253,10699,26796,0,2,2016,1,125,51.4,1.0,2
2254,12849,16128,1,2,2018,1,145,57.7,1.0,0
2255,9599,8130,1,0,2016,1,125,53.3,1.0,0
2256,10899,9973,1,1,2018,1,145,65.7,1.0,0
2257,18999,15,0,0,2019,1,145,45.6,1.0,0
2258,10499,9377,1,1,2018,1,145,64.2,1.1,0
2259,16660,1600,0,1,2019,1,145,48.7,1.0,0
2260,13499,10592,1,1,2018,1,145,62.8,1.0,0
2261,18122,1746,1,0,2019,1,145,51.4,1.0,0
2262,13499,13503,1,1,2018,1,145,58.9,1.0,0
2263,16999,600,1,0,2019,1,145,51.4,1.0,0
2264,10600,12426,1,0,2016,1,125,52.3,1.0,0
2265,11850,9514,0,1,2018,1,145,54.3,1.0,0
2266,14000,8724,1,2,2018,0,145,74.3,1.5,0
2267,7500,32770,1,1,2017,1,145,65.7,1.0,2
2268,18500,10960,1,2,2017,1,145,41.5,2.0,0
2269,18250,3386,1,0,2019,1,145,54.3,1.0,0
2270,12000,1808,1,1,2019,1,145,55.4,1.1,0
2271,11000,17339,1,2,2017,1,145,60.1,1.0,0
2272,13999,1779,1,1,2019,1,145,55.4,1.0,0
2273,9699,10452,1,1,2016,1,20,62.8,1.0,0
2274,8499,9264,1,1,2015,1,0,65.7,1.0,0
2275,15799,120,1,1,2020,1,150,58.9,1.0,0
2276,17499,1938,1,0,2020,1,145,51.4,1.0,0
2277,8000,65000,1,2,2015,0,0,74.3,1.5,3
2278,8999,15828,1,1,2015,1,20,62.8,1.0,0
2279,15999,2813,1,1,2019,1,145,58.9,1.0,0
2280,8999,24546,1,1,2015,1,0,65.7,1.0,2
2281,15999,2200,1,0,2019,1,145,51.4,1.0,0
2282,9899,16303,0,1,2017,1,0,57.7,1.0,0
2283,16000,19834,1,2,2016,1,200,41.5,2.0,0
2284,12500,7047,0,1,2018,1,145,48.7,1.0,0
2285,7650,46123,1,0,2015,1,125,53.3,1.0,2
2286,7999,31348,1,1,2016,1,125,54.3,1.2,2
2287,9999,7010,1,2,2015,0,20,67.3,1.6,0
